name,type,rating,price,link,distance,lat,lng
巧福便當（不外送.10:00～13:00不接電話）,便當,4.4,$1-200,https://www.google.com/maps/place/%E5%B7%A7%E7%A6%8F%E4%BE%BF%E7%95%B6%EF%BC%88%E4%B8%8D%E5%A4%96%E9%80%81.10:00%EF%BD%9E13:00%E4%B8%8D%E6%8E%A5%E9%9B%BB%E8%A9%B1%EF%BC%89/data=!4m7!3m6!1s0x3442a9b0f7253887:0xab5410af97edd0f1!8m2!3d25.0444813!4d121.5123479!16s%2Fg%2F11f776ks44!19sChIJhzgl97CpQjQR8dDtl68QVKs?authuser=0&hl=zh-TW&rclk=1,577,25.0444813,121.5123479
公園飯包,便當,4.1,$1-200,https://www.google.com/maps/place/%E5%85%AC%E5%9C%92%E9%A3%AF%E5%8C%85/data=!4m7!3m6!1s0x3442a97300e7b31f:0x72aa1da91400c1da!8m2!3d25.0452595!4d121.5168489!16s%2Fg%2F11gdrqh10y!19sChIJH7PnAHOpQjQR2sEAFKkdqnI?authuser=0&hl=zh-TW&rclk=1,179,25.0452595,121.5168489
華南排骨便當專門店,便當,4.0,$1-200,https://www.google.com/maps/place/%E8%8F%AF%E5%8D%97%E6%8E%92%E9%AA%A8%E4%BE%BF%E7%95%B6%E5%B0%88%E9%96%80%E5%BA%97/data=!4m7!3m6!1s0x3442a90ce6071b87:0x45a489222e76d1e3!8m2!3d25.0459177!4d121.5123933!16s%2Fg%2F1v42ch4v!19sChIJhxsH5gypQjQR49F2LiKJpEU?authuser=0&hl=zh-TW&rclk=1,522,25.0459177,121.5123933
青島排骨便當,便當,3.9,$1-200,https://www.google.com/maps/place/%E9%9D%92%E5%B3%B6%E6%8E%92%E9%AA%A8%E4%BE%BF%E7%95%B6/data=!4m7!3m6!1s0x3442a97109525283:0x4712d6e8bcd23a1b!8m2!3d25.0440164!4d121.5217671!16s%2Fg%2F1tcwnvch!19sChIJg1JSCXGpQjQRGzrSvOjWEkc?authuser=0&hl=zh-TW&rclk=1,527,25.0440164,121.5217671
老董古早味便當,便當,3.9,$1-200,https://www.google.com/maps/place/%E8%80%81%E8%91%A3%E5%8F%A4%E6%97%A9%E5%91%B3%E4%BE%BF%E7%95%B6/data=!4m7!3m6!1s0x3442a972880d94cf:0xba49bfc2738a511e!8m2!3d25.0474343!4d121.516944!16s%2Fg%2F1tdb6jrc!19sChIJz5QNiHKpQjQRHlGKc8K_Sbo?authuser=0&hl=zh-TW&rclk=1,93,25.0474343,121.516944
臺鐵便當本舖臨時行動餐車,便當,4.4,$1-200,https://www.google.com/maps/place/%E8%87%BA%E9%90%B5%E4%BE%BF%E7%95%B6%E6%9C%AC%E8%88%96%E8%87%A8%E6%99%82%E8%A1%8C%E5%8B%95%E9%A4%90%E8%BB%8A/data=!4m7!3m6!1s0x3442a90047a1aba5:0xfe9ae1337ddfd37c!8m2!3d25.0474197!4d121.5164609!16s%2Fg%2F11vwfgj035!19sChIJpauhRwCpQjQRfNPffTPhmv4?authuser=0&hl=zh-TW&rclk=1,128,25.0474197,121.5164609
食堂,便當,4.3,$1-200,https://www.google.com/maps/place/%E9%A3%9F%E5%A0%82/data=!4m7!3m6!1s0x3442a947001a0833:0xf5667c27bfbdf2d3!8m2!3d25.0452719!4d121.5167006!16s%2Fg%2F11thhmj62n!19sChIJMwgaAEepQjQR0_K9vyd8ZvU?authuser=0&hl=zh-TW&rclk=1,184,25.0452719,121.5167006
心泰軟,便當,4.6,$1-200,https://www.google.com/maps/place/%E5%BF%83%E6%B3%B0%E8%BB%9F/data=!4m7!3m6!1s0x3442a986cab244d7:0xc6965783068a79d8!8m2!3d25.044858!4d121.5140537!16s%2Fg%2F11qm3rcntg!19sChIJ10SyyoapQjQR2HmKBoNXlsY?authuser=0&hl=zh-TW&rclk=1,406,25.044858,121.5140537
羊城快餐（平價便當）,便當,4.0,$1-200,https://www.google.com/maps/place/%E7%BE%8A%E5%9F%8E%E5%BF%AB%E9%A4%90%EF%BC%88%E5%B9%B3%E5%83%B9%E4%BE%BF%E7%95%B6%EF%BC%89/data=!4m7!3m6!1s0x3442a9607cb0c0b9:0xad6b20b7677a4871!8m2!3d25.0445416!4d121.5128096!16s%2Fg%2F11yshqbzhv!19sChIJucCwfGCpQjQRcUh6Z7cga60?authuser=0&hl=zh-TW&rclk=1,533,25.0445416,121.5128096
熊衝村長-弁当-(村長便當) 站前店-中正/台北車站特色便當|平價便當|會議餐盒推薦|外帶便當|外送餐盒|精緻餐盒|在地推薦便當|烤肉飯推薦,便當,4.0,$1-200,https://www.google.com/maps/place/%E7%86%8A%E8%A1%9D%E6%9D%91%E9%95%B7-%E5%BC%81%E5%BD%93-%28%E6%9D%91%E9%95%B7%E4%BE%BF%E7%95%B6%29+%E7%AB%99%E5%89%8D%E5%BA%97-%E4%B8%AD%E6%AD%A3%2F%E5%8F%B0%E5%8C%97%E8%BB%8A%E7%AB%99%E7%89%B9%E8%89%B2%E4%BE%BF%E7%95%B6%7C%E5%B9%B3%E5%83%B9%E4%BE%BF%E7%95%B6%7C%E6%9C%83%E8%AD%B0%E9%A4%90%E7%9B%92%E6%8E%A8%E8%96%A6%7C%E5%A4%96%E5%B8%B6%E4%BE%BF%E7%95%B6%7C%E5%A4%96%E9%80%81%E9%A4%90%E7%9B%92%7C%E7%B2%BE%E7%B7%BB%E9%A4%90%E7%9B%92%7C%E5%9C%A8%E5%9C%B0%E6%8E%A8%E8%96%A6%E4%BE%BF%E7%95%B6%7C%E7%83%A4%E8%82%89%E9%A3%AF%E6%8E%A8%E8%96%A6/data=!4m7!3m6!1s0x3442a9ba39be30c9:0x2c32eb997759c05!8m2!3d25.0449919!4d121.5162658!16s%2Fg%2F11yk5_tlg9!19sChIJyTC-ObqpQjQRBZx1l7kuwwI?authuser=0&hl=zh-TW&rclk=1,232,25.0449919,121.5162658
東方便當,便當,4.3,$1-200,https://www.google.com/maps/place/%E6%9D%B1%E6%96%B9%E4%BE%BF%E7%95%B6/data=!4m7!3m6!1s0x3442a9289af87277:0xa236f24737c4602!8m2!3d25.0434828!4d121.5125532!16s%2Fg%2F11wn0t217f!19sChIJd3L4miipQjQRAkZ8cyRvIwo?authuser=0&hl=zh-TW&rclk=1,617,25.0434828,121.5125532
金窗駅讚味飯,便當,4.0,$1-200,https://www.google.com/maps/place/%E9%87%91%E7%AA%97%E9%A7%85%E8%AE%9A%E5%91%B3%E9%A3%AF/data=!4m7!3m6!1s0x3442a96d243e2a09:0x8c223865df3c7832!8m2!3d25.0500805!4d121.5158111!16s%2Fg%2F11fy_r8ym8!19sChIJCSo-JG2pQjQRMng832U4Iow?authuser=0&hl=zh-TW&rclk=1,407,25.0500805,121.5158111
卡洛貍健康餐盒_北車店，健康餐盒|健身餐盒|會議餐盒|外帶餐盒|低卡餐盒|健康便當,便當,4.5,$1-200,https://www.google.com/maps/place/%E5%8D%A1%E6%B4%9B%E8%B2%8D%E5%81%A5%E5%BA%B7%E9%A4%90%E7%9B%92_%E5%8C%97%E8%BB%8A%E5%BA%97%EF%BC%8C%E5%81%A5%E5%BA%B7%E9%A4%90%E7%9B%92%7C%E5%81%A5%E8%BA%AB%E9%A4%90%E7%9B%92%7C%E6%9C%83%E8%AD%B0%E9%A4%90%E7%9B%92%7C%E5%A4%96%E5%B8%B6%E9%A4%90%E7%9B%92%7C%E4%BD%8E%E5%8D%A1%E9%A4%90%E7%9B%92%7C%E5%81%A5%E5%BA%B7%E4%BE%BF%E7%95%B6/data=!4m7!3m6!1s0x3442a984737cbf0f:0xbb3c49851b922a28!8m2!3d25.0450731!4d121.5165218!16s%2Fg%2F11qptvnnk6!19sChIJD798c4SpQjQRKCqSG4VJPLs?authuser=0&hl=zh-TW&rclk=1,212,25.0450731,121.5165218
凱哥放山雞便當,便當,4.3,$1-200,https://www.google.com/maps/place/%E5%87%B1%E5%93%A5%E6%94%BE%E5%B1%B1%E9%9B%9E%E4%BE%BF%E7%95%B6/data=!4m7!3m6!1s0x3442a912d4f1588d:0xb1cc705e82fed931!8m2!3d25.05125!4d121.514009!16s%2Fg%2F1tf6v1lq!19sChIJjVjx1BKpQjQRMdn-gl5wzLE?authuser=0&hl=zh-TW&rclk=1,611,25.05125,121.514009
吉野烤肉飯 南陽店,便當,3.9,$1-200,https://www.google.com/maps/place/%E5%90%89%E9%87%8E%E7%83%A4%E8%82%89%E9%A3%AF+%E5%8D%97%E9%99%BD%E5%BA%97/data=!4m7!3m6!1s0x3442a97306a7aecf:0x230f2f4ad9333acf!8m2!3d25.0451792!4d121.5167018!16s%2Fg%2F11b7vk5f16!19sChIJz66nBnOpQjQRzzoz2UovDyM?authuser=0&hl=zh-TW&rclk=1,193,25.0451792,121.5167018
悟饕池上飯包 - 台北東陽店,便當,3.7,$1-200,https://www.google.com/maps/place/%E6%82%9F%E9%A5%95%E6%B1%A0%E4%B8%8A%E9%A3%AF%E5%8C%85+-+%E5%8F%B0%E5%8C%97%E6%9D%B1%E9%99%BD%E5%BA%97/data=!4m7!3m6!1s0x3442a96d2a761347:0x90f03764314ca88d!8m2!3d25.051379!4d121.514402!16s%2Fg%2F1tgq4bv0!19sChIJRxN2Km2pQjQRjahMMWQ38JA?authuser=0&hl=zh-TW&rclk=1,601,25.051379,121.514402
池上木片便當 懷寧街店,便當,3.7,$1-200,https://www.google.com/maps/place/%E6%B1%A0%E4%B8%8A%E6%9C%A8%E7%89%87%E4%BE%BF%E7%95%B6+%E6%87%B7%E5%AF%A7%E8%A1%97%E5%BA%97/data=!4m7!3m6!1s0x3442a9734acced09:0x44b103138d1e930!8m2!3d25.044738!4d121.514219!16s%2Fg%2F1th26287!19sChIJCe3MSnOpQjQRMOnRODEQSwQ?authuser=0&hl=zh-TW&rclk=1,399,25.044738,121.514219
G車便當,便當,4.3,$1-200,https://www.google.com/maps/place/G%E8%BB%8A%E4%BE%BF%E7%95%B6/data=!4m7!3m6!1s0x3442a96ea42ae359:0x3ecaaf03f101cec3!8m2!3d25.0519643!4d121.5199018!16s%2Fg%2F11ggbcj0zf!19sChIJWeMqpG6pQjQRw84B8QOvyj4?authuser=0&hl=zh-TW&rclk=1,628,25.0519643,121.5199018
京宴便當,便當,4.5,$1-200,https://www.google.com/maps/place/%E4%BA%AC%E5%AE%B4%E4%BE%BF%E7%95%B6/data=!4m7!3m6!1s0x3442a9feeeacff7d:0x47a45b817c1087fa!8m2!3d25.0510239!4d121.517303!16s%2Fg%2F11trzvrkqz!19sChIJff-s7v6pQjQR-ocQfIFbpEc?authuser=0&hl=zh-TW&rclk=1,475,25.0510239,121.517303
東記池上便當,便當,3.1,$1-200,https://www.google.com/maps/place/%E6%9D%B1%E8%A8%98%E6%B1%A0%E4%B8%8A%E4%BE%BF%E7%95%B6/data=!4m7!3m6!1s0x3442a973107749ad:0xb33b107270879aa4!8m2!3d25.044983!4d121.5163747!16s%2Fg%2F11_780r6z!19sChIJrUl3EHOpQjQRpJqHcHIQO7M?authuser=0&hl=zh-TW&rclk=1,227,25.044983,121.5163747
京讚自助餐,自助餐,2.9,$1-200,https://www.google.com/maps/place/%E4%BA%AC%E8%AE%9A%E8%87%AA%E5%8A%A9%E9%A4%90/data=!4m7!3m6!1s0x3442a96c125a1249:0x6dedb5a79f720a88!8m2!3d25.0522555!4d121.5186436!16s%2Fg%2F11csqd6bm9!19sChIJSRJaEmypQjQRiApyn6e17W0?authuser=0&hl=zh-TW&rclk=1,622,25.0522555,121.5186436
青島自助餐,自助餐,3.1,$1-200,https://www.google.com/maps/place/%E9%9D%92%E5%B3%B6%E8%87%AA%E5%8A%A9%E9%A4%90/data=!4m7!3m6!1s0x3442a9065572d49f:0x3a06ae7909ef4772!8m2!3d25.0439054!4d121.5223201!16s%2Fg%2F11kt22bgk7!19sChIJn9RyVQapQjQRckfvCXmuBjo?authuser=0&hl=zh-TW&rclk=1,580,25.0439054,121.5223201
正鋒自助餐,自助餐,4.0,$1-200,https://www.google.com/maps/place/%E6%AD%A3%E9%8B%92%E8%87%AA%E5%8A%A9%E9%A4%90/data=!4m7!3m6!1s0x3442a97a84dcbc35:0xbaf49299489b998a!8m2!3d25.0442887!4d121.5236934!16s%2Fg%2F11xbzl766!19sChIJNbzchHqpQjQRipmbSJmS9Lo?authuser=0&hl=zh-TW&rclk=1,682,25.0442887,121.5236934
佳欣食堂,自助餐,4.3,$1-200,https://www.google.com/maps/place/%E4%BD%B3%E6%AC%A3%E9%A3%9F%E5%A0%82/data=!4m7!3m6!1s0x3442a93d02847cb3:0xc526110d2b1285fe!8m2!3d25.0410154!4d121.5215984!16s%2Fg%2F11ljyb8w6k!19sChIJs3yEAj2pQjQR_oUSKw0RJsU?authuser=0&hl=zh-TW&rclk=1,761,25.0410154,121.5215984
十二廚 台北喜來登大飯店,自助餐,3.8,無資料,https://www.google.com/maps/place/%E5%8D%81%E4%BA%8C%E5%BB%9A+%E5%8F%B0%E5%8C%97%E5%96%9C%E4%BE%86%E7%99%BB%E5%A4%A7%E9%A3%AF%E5%BA%97/data=!4m7!3m6!1s0x3442a971b0535025:0x9a800c32c8ff2768!8m2!3d25.0446184!4d121.5220051!16s%2Fg%2F1hc39zd5j!19sChIJJVBTsHGpQjQRaCf_yDIMgJo?authuser=0&hl=zh-TW&rclk=1,513,25.0446184,121.5220051
驊山自助餐,自助餐,3.8,$1-200,https://www.google.com/maps/place/%E9%A9%8A%E5%B1%B1%E8%87%AA%E5%8A%A9%E9%A4%90/data=!4m7!3m6!1s0x3442a970038d032d:0x76a0c8750b36207c!8m2!3d25.0458624!4d121.5251888!16s%2Fg%2F1tgmszgq!19sChIJLQONA3CpQjQRfCA2C3XIoHY?authuser=0&hl=zh-TW&rclk=1,781,25.0458624,121.5251888
自助餐 便當,自助餐,4.1,$1-200,https://www.google.com/maps/place/%E8%87%AA%E5%8A%A9%E9%A4%90+%E4%BE%BF%E7%95%B6/data=!4m7!3m6!1s0x3442a9cc2bcc290f:0xc72a7283dd0eafd0!8m2!3d25.0511396!4d121.5175823!16s%2Fg%2F11l24hkw_v!19sChIJDynMK8ypQjQR0K8O3YNyKsc?authuser=0&hl=zh-TW&rclk=1,487,25.0511396,121.5175823
八芳精緻美食快餐,自助餐,3.5,$1-200,https://www.google.com/maps/place/%E5%85%AB%E8%8A%B3%E7%B2%BE%E7%B7%BB%E7%BE%8E%E9%A3%9F%E5%BF%AB%E9%A4%90/data=!4m7!3m6!1s0x3442a90cd4cb78cb:0xe013a9a4f927cfa1!8m2!3d25.0457618!4d121.5141044!16s%2Fg%2F11c5265l86!19sChIJy3jL1AypQjQRoc8n-aSpE-A?authuser=0&hl=zh-TW&rclk=1,359,25.0457618,121.5141044
欣豐自助餐微風台大醫院店,自助餐,3.0,$1-200,https://www.google.com/maps/place/%E6%AC%A3%E8%B1%90%E8%87%AA%E5%8A%A9%E9%A4%90%E5%BE%AE%E9%A2%A8%E5%8F%B0%E5%A4%A7%E9%86%AB%E9%99%A2%E5%BA%97/data=!4m7!3m6!1s0x3442a976827e6d65:0x782577df920b5c64!8m2!3d25.0407794!4d121.5191598!16s%2Fg%2F11f3x5w21y!19sChIJZW1-gnapQjQRZFwLkt93JXg?authuser=0&hl=zh-TW&rclk=1,686,25.0407794,121.5191598
阿雄自助餐,自助餐,4.5,無資料,https://www.google.com/maps/place/%E9%98%BF%E9%9B%84%E8%87%AA%E5%8A%A9%E9%A4%90/data=!4m7!3m6!1s0x3442a986941c436f:0x42325169b51aa418!8m2!3d25.0447191!4d121.5121922!16s%2Fg%2F11s1y11rgl!19sChIJb0MclIapQjQRGKQatWlRMkI?authuser=0&hl=zh-TW&rclk=1,580,25.0447191,121.5121922
Checkers - 凱撒大飯店,自助餐,3.8,無資料,https://www.google.com/maps/place/Checkers+-+%E5%87%B1%E6%92%92%E5%A4%A7%E9%A3%AF%E5%BA%97/data=!4m7!3m6!1s0x3442a972f0cbab67:0xbbd4deb5ba2c7daf!8m2!3d25.0462429!4d121.5163782!16s%2Fg%2F1tfxvqg4!19sChIJZ6vL8HKpQjQRr30surXe1Ls?authuser=0&hl=zh-TW&rclk=1,126,25.0462429,121.5163782
原味複式自助餐,自助餐,2.7,$1-200,https://www.google.com/maps/place/%E5%8E%9F%E5%91%B3%E8%A4%87%E5%BC%8F%E8%87%AA%E5%8A%A9%E9%A4%90/data=!4m7!3m6!1s0x3442a973120dc34d:0x40f00ffa8aacb284!8m2!3d25.0445793!4d121.5162984!16s%2Fg%2F11xp3wg_f!19sChIJTcMNEnOpQjQRhLKsivoP8EA?authuser=0&hl=zh-TW&rclk=1,271,25.0445793,121.5162984
天津精緻自助餐,自助餐,2.6,$1-200,https://www.google.com/maps/place/%E5%A4%A9%E6%B4%A5%E7%B2%BE%E7%B7%BB%E8%87%AA%E5%8A%A9%E9%A4%90/data=!4m7!3m6!1s0x3442a96ef8ab90cd:0xf41d1240596f1fbb!8m2!3d25.0495415!4d121.5224711!16s%2Fg%2F11b731kyft!19sChIJzZCr-G6pQjQRux9vWUASHfQ?authuser=0&hl=zh-TW&rclk=1,589,25.0495415,121.5224711
中山自助餐,自助餐,3.7,$1-200,https://www.google.com/maps/place/%E4%B8%AD%E5%B1%B1%E8%87%AA%E5%8A%A9%E9%A4%90/data=!4m7!3m6!1s0x3442a96eed824f81:0x466b80c298436fbb!8m2!3d25.0504099!4d121.521486!16s%2Fg%2F11c6cf_xk2!19sChIJgU-C7W6pQjQRu29DmMKAa0Y?authuser=0&hl=zh-TW&rclk=1,571,25.0504099,121.521486
美味自助餐,自助餐,2.6,無資料,https://www.google.com/maps/place/%E7%BE%8E%E5%91%B3%E8%87%AA%E5%8A%A9%E9%A4%90/data=!4m7!3m6!1s0x3442a97335230215:0x1be866d479455c8!8m2!3d25.044897!4d121.514252!16s%2Fg%2F11c1nd8j3m!19sChIJFQIjNXOpQjQRyFWUR22GvgE?authuser=0&hl=zh-TW&rclk=1,387,25.044897,121.514252
熊霸自助餐店,自助餐,2.8,$1-200,https://www.google.com/maps/place/%E7%86%8A%E9%9C%B8%E8%87%AA%E5%8A%A9%E9%A4%90%E5%BA%97/data=!4m7!3m6!1s0x3442a9394707dcf7:0x44ef92a9a84a8b6!8m2!3d25.0519498!4d121.514192!16s%2Fg%2F11pv44x7f8!19sChIJ99wHRzmpQjQRtqiEmir5TgQ?authuser=0&hl=zh-TW&rclk=1,666,25.0519498,121.514192
能量小姐 台北襄陽 直營門市,健康餐,4.2,$1-200,https://www.google.com/maps/place/%E8%83%BD%E9%87%8F%E5%B0%8F%E5%A7%90+%E5%8F%B0%E5%8C%97%E8%A5%84%E9%99%BD+%E7%9B%B4%E7%87%9F%E9%96%80%E5%B8%82/data=!4m7!3m6!1s0x3442a923cb5b5fcf:0x1e4f70e58d4a2ad0!8m2!3d25.043565!4d121.513625!16s%2Fg%2F11rd976sw1!19sChIJz19byyOpQjQR0CpKjeVwTx4?authuser=0&hl=zh-TW&rclk=1,527,25.043565,121.513625
SHA LA HE YO沙拉。健康餐盒,健康餐,4.8,$1-200,https://www.google.com/maps/place/SHA+LA+HE+YO%E6%B2%99%E6%8B%89%E3%80%82%E5%81%A5%E5%BA%B7%E9%A4%90%E7%9B%92/data=!4m7!3m6!1s0x3442a9c5e8ff9bc3:0x42ef9c24ed69fd9!8m2!3d25.0517639!4d121.514875!16s%2Fg%2F11q_7vzz62!19sChIJw5v_6MWpQjQR2Z_WTsL5LgQ?authuser=0&hl=zh-TW&rclk=1,616,25.0517639,121.514875
MR ENERGY 能量先生水煮餐盒 台北重慶,健康餐,4.1,$1-200,https://www.google.com/maps/place/MR+ENERGY+%E8%83%BD%E9%87%8F%E5%85%88%E7%94%9F%E6%B0%B4%E7%85%AE%E9%A4%90%E7%9B%92+%E5%8F%B0%E5%8C%97%E9%87%8D%E6%85%B6/data=!4m7!3m6!1s0x3442a984eaf8209f:0x7aaf0cc7f529b962!8m2!3d25.041934!4d121.513307!16s%2Fg%2F11ghxbpkng!19sChIJnyD46oSpQjQRYrkp9ccMr3o?authuser=0&hl=zh-TW&rclk=1,683,25.041934,121.513307
WILD MEAL 野飯甜蒸烤餐盒專売,健康餐,4.2,$1-200,https://www.google.com/maps/place/WILD+MEAL+%E9%87%8E%E9%A3%AF%E7%94%9C%E8%92%B8%E7%83%A4%E9%A4%90%E7%9B%92%E5%B0%88%E5%A3%B2/data=!4m7!3m6!1s0x3442a9dfb5b6ad53:0x61fb4cec3e3dbd1c!8m2!3d25.0451905!4d121.515243!16s%2Fg%2F11q7fvtt0y!19sChIJU622td-pQjQRHL09PuxM-2E?authuser=0&hl=zh-TW&rclk=1,286,25.0451905,121.515243
法伯纖盒,健康餐,4.4,$1-200,https://www.google.com/maps/place/%E6%B3%95%E4%BC%AF%E7%BA%96%E7%9B%92/data=!4m7!3m6!1s0x3442a9ce218cdf9f:0xf426c6d7744aae47!8m2!3d25.0446913!4d121.5127354!16s%2Fg%2F11m7426hcx!19sChIJn9-MIc6pQjQRR65KdNfGJvQ?authuser=0&hl=zh-TW&rclk=1,532,25.0446913,121.5127354
優妮兔 舒食餐盒,健康餐,4.4,$1-200,https://www.google.com/maps/place/%E5%84%AA%E5%A6%AE%E5%85%94+%E8%88%92%E9%A3%9F%E9%A4%90%E7%9B%92/data=!4m7!3m6!1s0x3442a9fb3da37541:0x21a9ab18cfbd5bef!8m2!3d25.0453056!4d121.5252352!16s%2Fg%2F11wvcpdc7y!19sChIJQXWjPfupQjQR71u9zxirqSE?authuser=0&hl=zh-TW&rclk=1,796,25.0453056,121.5252352
強尼兄弟健康廚房 天津店,健康餐,4.7,$1-200,https://www.google.com/maps/place/%E5%BC%B7%E5%B0%BC%E5%85%84%E5%BC%9F%E5%81%A5%E5%BA%B7%E5%BB%9A%E6%88%BF+%E5%A4%A9%E6%B4%A5%E5%BA%97/data=!4m7!3m6!1s0x3442a9cfa391e3f5:0x15d6b97e49ec7f16!8m2!3d25.0498482!4d121.5230043!16s%2Fg%2F11ycc3pcfd!19sChIJ9eORo8-pQjQRFn_sSX651hU?authuser=0&hl=zh-TW&rclk=1,653,25.0498482,121.5230043
盒心肌群健康餐盒,健康餐,4.5,$1-200,https://www.google.com/maps/place/%E7%9B%92%E5%BF%83%E8%82%8C%E7%BE%A4%E5%81%A5%E5%BA%B7%E9%A4%90%E7%9B%92/data=!4m7!3m6!1s0x3442a937381fb183:0x4db209311f916dab!8m2!3d25.052361!4d121.5176159!16s%2Fg%2F11rdc87hy8!19sChIJg7EfODepQjQRq22RHzEJsk0?authuser=0&hl=zh-TW&rclk=1,623,25.052361,121.5176159
優卡輕食 You Can Fresh 南棟聯合辦公大樓員工餐廳,健康餐,4.8,$1-200,https://www.google.com/maps/place/%E5%84%AA%E5%8D%A1%E8%BC%95%E9%A3%9F+You+Can+Fresh+%E5%8D%97%E6%A3%9F%E8%81%AF%E5%90%88%E8%BE%A6%E5%85%AC%E5%A4%A7%E6%A8%93%E5%93%A1%E5%B7%A5%E9%A4%90%E5%BB%B3/data=!4m7!3m6!1s0x3442a9914b333855:0xaad2bb16857d7a8e!8m2!3d25.0421252!4d121.5195042!16s%2Fg%2F11j5zl3wv6!19sChIJVTgzS5GpQjQRjnp9hRa70qo?authuser=0&hl=zh-TW&rclk=1,554,25.0421252,121.5195042
Homey 烘米餐廚-餐盒專賣,健康餐,4.6,$1-200,https://www.google.com/maps/place/Homey+%E7%83%98%E7%B1%B3%E9%A4%90%E5%BB%9A-%E9%A4%90%E7%9B%92%E5%B0%88%E8%B3%A3/data=!4m7!3m6!1s0x3442a9ba6d5af3df:0x99a316c07bf59e50!8m2!3d25.0497737!4d121.5197449!16s%2Fg%2F11sz3llm9_!19sChIJ3_NabbqpQjQRUJ71e8AWo5k?authuser=0&hl=zh-TW&rclk=1,405,25.0497737,121.5197449
GET POWER 給力盒子 北車店,健康餐,3.9,無資料,https://www.google.com/maps/place/GET+POWER+%E7%B5%A6%E5%8A%9B%E7%9B%92%E5%AD%90+%E5%8C%97%E8%BB%8A%E5%BA%97/data=!4m7!3m6!1s0x3442a9163eb9da75:0x845b86ccf2655713!8m2!3d25.0452933!4d121.5136644!16s%2Fg%2F11shrlq9z5!19sChIJddq5PhapQjQRE1dl8syGW4Q?authuser=0&hl=zh-TW&rclk=1,419,25.0452933,121.5136644
老公老婆餐盒｜北車店｜健康餐｜美食｜餐廳｜便當,健康餐,4.2,$1-200,https://www.google.com/maps/place/%E8%80%81%E5%85%AC%E8%80%81%E5%A9%86%E9%A4%90%E7%9B%92%EF%BD%9C%E5%8C%97%E8%BB%8A%E5%BA%97%EF%BD%9C%E5%81%A5%E5%BA%B7%E9%A4%90%EF%BD%9C%E7%BE%8E%E9%A3%9F%EF%BD%9C%E9%A4%90%E5%BB%B3%EF%BD%9C%E4%BE%BF%E7%95%B6/data=!4m7!3m6!1s0x3442a9000354ab81:0x79faa46eea9131b4!8m2!3d25.0440773!4d121.5112057!16s%2Fg%2F11y2n630h4!19sChIJgatUAwCpQjQRtDGR6m6k-nk?authuser=0&hl=zh-TW&rclk=1,700,25.0440773,121.5112057
雞肉本家 有田店（雞肉飯專賣店/健康餐）,健康餐,4.3,$1-200,https://www.google.com/maps/place/%E9%9B%9E%E8%82%89%E6%9C%AC%E5%AE%B6+%E6%9C%89%E7%94%B0%E5%BA%97%EF%BC%88%E9%9B%9E%E8%82%89%E9%A3%AF%E5%B0%88%E8%B3%A3%E5%BA%97%2F%E5%81%A5%E5%BA%B7%E9%A4%90%EF%BC%89/data=!4m7!3m6!1s0x3442a9007f598d9d:0xd27948d1c6abd2be!8m2!3d25.0429683!4d121.5113287!16s%2Fg%2F11y58s40c2!19sChIJnY1ZfwCpQjQRvtKrxtFIedI?authuser=0&hl=zh-TW&rclk=1,751,25.0429683,121.5113287
村民餐盒,健康餐,3.2,無資料,https://www.google.com/maps/place/%E6%9D%91%E6%B0%91%E9%A4%90%E7%9B%92/data=!4m7!3m6!1s0x3442a90001470839:0x9a69d42eaf730bc7!8m2!3d25.0448126!4d121.5160065!16s%2Fg%2F11y3hn9w2r!19sChIJOQhHAQCpQjQRxwtzry7UaZo?authuser=0&hl=zh-TW&rclk=1,263,25.0448126,121.5160065
夏威魚hawaiipokebox台北車站店,健康餐,3.5,$1-200,https://www.google.com/maps/place/%E5%A4%8F%E5%A8%81%E9%AD%9Ahawaiipokebox%E5%8F%B0%E5%8C%97%E8%BB%8A%E7%AB%99%E5%BA%97/data=!4m7!3m6!1s0x3442a9c3b6d3ed07:0xa633a9e36267d892!8m2!3d25.0450099!4d121.5170032!16s%2Fg%2F11t807b6f0!19sChIJB-3TtsOpQjQRkthnYuOpM6Y?authuser=0&hl=zh-TW&rclk=1,201,25.0450099,121.5170032
木麒麟拉麵,拉麵,4.9,$200-400,https://www.google.com/maps/place/%E6%9C%A8%E9%BA%92%E9%BA%9F%E6%8B%89%E9%BA%B5/data=!4m7!3m6!1s0x3442a90579536a0d:0x41e41f95a5e49d05!8m2!3d25.0514!4d121.5212637!16s%2Fg%2F11wjk94dyr!19sChIJDWpTeQWpQjQRBZ3kpZUf5EE?authuser=0&hl=zh-TW&rclk=1,641,25.0514,121.5212637
京都柚子豚骨拉麵 中山本店,拉麵,4.5,$200-400,https://www.google.com/maps/place/%E4%BA%AC%E9%83%BD%E6%9F%9A%E5%AD%90%E8%B1%9A%E9%AA%A8%E6%8B%89%E9%BA%B5+%E4%B8%AD%E5%B1%B1%E6%9C%AC%E5%BA%97/data=!4m7!3m6!1s0x3442a9892f0b5cad:0x714f7d1ac24a7f2b!8m2!3d25.0510279!4d121.520426!16s%2Fg%2F11jkncr9v3!19sChIJrVwLL4mpQjQRK39Kwhp9T3E?authuser=0&hl=zh-TW&rclk=1,559,25.0510279,121.520426
天鷄麵屋坊,拉麵,4.5,$200-400,https://www.google.com/maps/place/%E5%A4%A9%E9%B7%84%E9%BA%B5%E5%B1%8B%E5%9D%8A/data=!4m7!3m6!1s0x3442a90026f89c4b:0x8fac7ddc55c32fde!8m2!3d25.052361!4d121.5196587!16s%2Fg%2F11vy_82sxh!19sChIJS5z4JgCpQjQR3i_DVdx9rI8?authuser=0&hl=zh-TW&rclk=1,660,25.052361,121.5196587
麵屋鶴立,拉麵,4.4,$200-400,https://www.google.com/maps/place/%E9%BA%B5%E5%B1%8B%E9%B6%B4%E7%AB%8B/data=!4m7!3m6!1s0x3442a9006b8e841f:0x36f0421df01a7f90!8m2!3d25.0535571!4d121.5185093!16s%2Fg%2F11w8tjc3dc!19sChIJH4SOawCpQjQRkH8a8B1C8DY?authuser=0&hl=zh-TW&rclk=1,763,25.0535571,121.5185093
麵屋武藏 本店,拉麵,4.3,$200-400,https://www.google.com/maps/place/%E9%BA%B5%E5%B1%8B%E6%AD%A6%E8%97%8F+%E6%9C%AC%E5%BA%97/data=!4m7!3m6!1s0x3442a9a6e2c7a6a5:0x48b17ce5237f6caa!8m2!3d25.0459993!4d121.5170414!16s%2Fg%2F11f5nh9mnn!19sChIJpabH4qapQjQRqmx_I-V8sUg?authuser=0&hl=zh-TW&rclk=1,96,25.0459993,121.5170414
鳥人拉麵 中山店,拉麵,4.2,$200-400,https://www.google.com/maps/place/%E9%B3%A5%E4%BA%BA%E6%8B%89%E9%BA%B5+%E4%B8%AD%E5%B1%B1%E5%BA%97/data=!4m7!3m6!1s0x3442a96f20822da5:0xb1831c40cd4e5fe0!8m2!3d25.0509626!4d121.5229033!16s%2Fg%2F11fy4dhgww!19sChIJpS2CIG-pQjQR4F9OzUAcg7E?authuser=0&hl=zh-TW&rclk=1,718,25.0509626,121.5229033
豚人拉麵 台北漢口店,拉麵,4.6,$200-400,https://www.google.com/maps/place/%E8%B1%9A%E4%BA%BA%E6%8B%89%E9%BA%B5+%E5%8F%B0%E5%8C%97%E6%BC%A2%E5%8F%A3%E5%BA%97/data=!4m7!3m6!1s0x3442a9811ccfaf0d:0xc9a138113331d819!8m2!3d25.045071!4d121.5110638!16s%2Fg%2F11y24sp6jb!19sChIJDa_PHIGpQjQRGdgxMxE4ock?authuser=0&hl=zh-TW&rclk=1,675,25.045071,121.5110638
美術系拉麵 台北車站店,拉麵,4.6,$200-400,https://www.google.com/maps/place/%E7%BE%8E%E8%A1%93%E7%B3%BB%E6%8B%89%E9%BA%B5+%E5%8F%B0%E5%8C%97%E8%BB%8A%E7%AB%99%E5%BA%97/data=!4m7!3m6!1s0x3442a978c69732af:0x496d03837415df26!8m2!3d25.0461041!4d121.5135964!16s%2Fg%2F11mchy8_m1!19sChIJrzKXxnipQjQRJt8VdIMDbUk?authuser=0&hl=zh-TW&rclk=1,399,25.0461041,121.5135964
麵屋武藏-神山,拉麵,4.3,$200-400,https://www.google.com/maps/place/%E9%BA%B5%E5%B1%8B%E6%AD%A6%E8%97%8F-%E7%A5%9E%E5%B1%B1/data=!4m7!3m6!1s0x3442a96f3b01e383:0xbde10d0f5a4a5214!8m2!3d25.0510319!4d121.5235744!16s%2Fg%2F1pp2vk4pv!19sChIJg-MBO2-pQjQRFFJKWg8N4b0?authuser=0&hl=zh-TW&rclk=1,775,25.0510319,121.5235744
奧特拉麵Ramen Ultra 微風台北車站店 (日本錦拉麵),拉麵,4.4,$200-400,https://www.google.com/maps/place/%E5%A5%A7%E7%89%B9%E6%8B%89%E9%BA%B5Ramen+Ultra+%E5%BE%AE%E9%A2%A8%E5%8F%B0%E5%8C%97%E8%BB%8A%E7%AB%99%E5%BA%97+%28%E6%97%A5%E6%9C%AC%E9%8C%A6%E6%8B%89%E9%BA%B5%29/data=!4m7!3m6!1s0x3442a90ef14d848f:0xbd258c94249990ed!8m2!3d25.0477467!4d121.5169983!16s%2Fg%2F11sw_2rjj3!19sChIJj4RN8Q6pQjQR7ZCZJJSMJb0?authuser=0&hl=zh-TW&rclk=1,121,25.0477467,121.5169983
屯京拉麵 台北站前店,拉麵,4.2,$200-400,https://www.google.com/maps/place/%E5%B1%AF%E4%BA%AC%E6%8B%89%E9%BA%B5+%E5%8F%B0%E5%8C%97%E7%AB%99%E5%89%8D%E5%BA%97/data=!4m7!3m6!1s0x3442a972fa9db3b9:0xe3d62764fb57f45c!8m2!3d25.046103!4d121.5162372!16s%2Fg%2F11b6394gbx!19sChIJubOd-nKpQjQRXPRX-2Qn1uM?authuser=0&hl=zh-TW&rclk=1,146,25.046103,121.5162372
隱家拉麵 南陽店,拉麵,4.4,$200-400,https://www.google.com/maps/place/%E9%9A%B1%E5%AE%B6%E6%8B%89%E9%BA%B5+%E5%8D%97%E9%99%BD%E5%BA%97/data=!4m7!3m6!1s0x3442a9f98d65b173:0xd228944300d44362!8m2!3d25.0442975!4d121.5161383!16s%2Fg%2F11x2hwhq5h!19sChIJc7FljfmpQjQRYkPUAEOUKNI?authuser=0&hl=zh-TW&rclk=1,306,25.0442975,121.5161383
明 拉麵吧 MING Ramen Bar ｜Authentic Japanese Ramen in Taipei,拉麵,4.5,$200-400,https://www.google.com/maps/place/%E6%98%8E+%E6%8B%89%E9%BA%B5%E5%90%A7+MING+Ramen+Bar+%EF%BD%9CAuthentic+Japanese+Ramen+in+Taipei/data=!4m7!3m6!1s0x3442a90ae5d3d693:0x6c862e95ee922798!8m2!3d25.0496611!4d121.5169979!16s%2Fg%2F11lv_yfvhf!19sChIJk9bT5QqpQjQRmCeS7pUuhmw?authuser=0&hl=zh-TW&rclk=1,327,25.0496611,121.5169979
旨燕,拉麵,4.2,$200-400,https://www.google.com/maps/place/%E6%97%A8%E7%87%95/data=!4m7!3m6!1s0x3442a9f55e150f13:0x2376fd295f346a34!8m2!3d25.0459023!4d121.5103926!16s%2Fg%2F11p781z153!19sChIJEw8VXvWpQjQRNGo0Xyn9diM?authuser=0&hl=zh-TW&rclk=1,722,25.0459023,121.5103926
塩琉,拉麵,4.4,$200-400,https://www.google.com/maps/place/%E5%A1%A9%E7%90%89/data=!4m7!3m6!1s0x3442a9c54e2a997b:0xce274ce69131b5b8!8m2!3d25.0419372!4d121.5130037!16s%2Fg%2F11p0w0h4rv!19sChIJe5kqTsWpQjQRuLUxkeZMJ84?authuser=0&hl=zh-TW&rclk=1,702,25.0419372,121.5130037
麒麟創作拉麵坊,拉麵,4.7,$200-400,https://www.google.com/maps/place/%E9%BA%92%E9%BA%9F%E5%89%B5%E4%BD%9C%E6%8B%89%E9%BA%B5%E5%9D%8A/data=!4m7!3m6!1s0x3442a9f92ace8245:0xd27bfb438c30b04a!8m2!3d25.0514923!4d121.5212271!16s%2Fg%2F11v44r6_ck!19sChIJRYLOKvmpQjQRSrAwjEP7e9I?authuser=0&hl=zh-TW&rclk=1,647,25.0514923,121.5212271
羅本家咖哩大同店（恕不接受訂位）,咖哩,4.5,$200-400,https://www.google.com/maps/place/%E7%BE%85%E6%9C%AC%E5%AE%B6%E5%92%96%E5%93%A9%E5%A4%A7%E5%90%8C%E5%BA%97%EF%BC%88%E6%81%95%E4%B8%8D%E6%8E%A5%E5%8F%97%E8%A8%82%E4%BD%8D%EF%BC%89/data=!4m7!3m6!1s0x3442a9088bb6624b:0xe747affeb8a9ec38!8m2!3d25.0502176!4d121.5176878!16s%2Fg%2F11gtc4f4vt!19sChIJS2K2iwipQjQROOypuP6vR-c?authuser=0&hl=zh-TW&rclk=1,385,25.0502176,121.5176878
新高軒北車店,咖哩,4.4,$200-400,https://www.google.com/maps/place/%E6%96%B0%E9%AB%98%E8%BB%92%E5%8C%97%E8%BB%8A%E5%BA%97/data=!4m7!3m6!1s0x3442a9915ff11d87:0x16b84fd505b7e7ae!8m2!3d25.0481159!4d121.5169048!16s%2Fg%2F11nfmfl0n5!19sChIJhx3xX5GpQjQRrue3BdVPuBY?authuser=0&hl=zh-TW&rclk=1,162,25.0481159,121.5169048
魔法咖哩 台北站前店,咖哩,4.5,$200-400,https://www.google.com/maps/place/%E9%AD%94%E6%B3%95%E5%92%96%E5%93%A9+%E5%8F%B0%E5%8C%97%E7%AB%99%E5%89%8D%E5%BA%97/data=!4m7!3m6!1s0x3442a90dbe3490c9:0x71504affe136096d!8m2!3d25.0454166!4d121.5158347!16s%2Fg%2F1tdfkzd6!19sChIJyZA0vg2pQjQRbQk24f9KUHE?authuser=0&hl=zh-TW&rclk=1,224,25.0454166,121.5158347
奇跡咖哩,咖哩,4.5,$200-400,https://www.google.com/maps/place/%E5%A5%87%E8%B7%A1%E5%92%96%E5%93%A9/data=!4m7!3m6!1s0x3442a96eea6c2f03:0xd6dfb6d897d18ee7!8m2!3d25.0509801!4d121.5215493!16s%2Fg%2F11b7g2jfl5!19sChIJAy9s6m6pQjQR547Rl9i239Y?authuser=0&hl=zh-TW&rclk=1,622,25.0509801,121.5215493
朱雀 𝙎𝙐𝙕𝘼𝙆𝙐 𝘾𝙐𝙍𝙍𝙔 𝙎𝙃𝙊𝙋 南西店,咖哩,4.7,$200-400,https://www.google.com/maps/place/%E6%9C%B1%E9%9B%80+%F0%9D%99%8E%F0%9D%99%90%F0%9D%99%95%F0%9D%98%BC%F0%9D%99%86%F0%9D%99%90+%F0%9D%98%BE%F0%9D%99%90%F0%9D%99%8D%F0%9D%99%8D%F0%9D%99%94+%F0%9D%99%8E%F0%9D%99%83%F0%9D%99%8A%F0%9D%99%8B+%E5%8D%97%E8%A5%BF%E5%BA%97/data=!4m7!3m6!1s0x3442a900506a6e85:0xe1dd560c2e09e699!8m2!3d25.052828!4d121.5207463!16s%2Fg%2F11z1s_6426!19sChIJhW5qUACpQjQRmeYJLgxW3eE?authuser=0&hl=zh-TW&rclk=1,750,25.052828,121.5207463
銀兔湯咖喱中山店,咖哩,4.5,$200-400,https://www.google.com/maps/place/%E9%8A%80%E5%85%94%E6%B9%AF%E5%92%96%E5%96%B1%E4%B8%AD%E5%B1%B1%E5%BA%97/data=!4m7!3m6!1s0x3442a99004a95aaf:0x24cf6791786ddcd8!8m2!3d25.0515087!4d121.5212765!16s%2Fg%2F11h44pfvwf!19sChIJr1qpBJCpQjQR2NxteJFnzyQ?authuser=0&hl=zh-TW&rclk=1,651,25.0515087,121.5212765
濃咖哩,咖哩,4.8,$1-200,https://www.google.com/maps/place/%E6%BF%83%E5%92%96%E5%93%A9/data=!4m7!3m6!1s0x3442a982be941b69:0xb7124e8c6bb762de!8m2!3d25.045754!4d121.5142528!16s%2Fg%2F11h_3910z6!19sChIJaRuUvoKpQjQR3mK3a4xOErc?authuser=0&hl=zh-TW&rclk=1,345,25.045754,121.5142528
朱雀 𝑺𝑼𝒁𝑨𝑲𝑼 𝑪𝑼𝑹𝑹𝒀 𝑺𝑯𝑶𝑷,咖哩,4.4,$200-400,https://www.google.com/maps/place/%E6%9C%B1%E9%9B%80+%F0%9D%91%BA%F0%9D%91%BC%F0%9D%92%81%F0%9D%91%A8%F0%9D%91%B2%F0%9D%91%BC+%F0%9D%91%AA%F0%9D%91%BC%F0%9D%91%B9%F0%9D%91%B9%F0%9D%92%80+%F0%9D%91%BA%F0%9D%91%AF%F0%9D%91%B6%F0%9D%91%B7/data=!4m7!3m6!1s0x3442a92149aa7a07:0xee94622b1c35267c!8m2!3d25.0437509!4d121.512554!16s%2Fg%2F11ty507dqf!19sChIJB3qqSSGpQjQRfCY1HCtilO4?authuser=0&hl=zh-TW&rclk=1,600,25.0437509,121.512554
稲町家香料咖哩 南西二號舖(三越南西一館後方),咖哩,4.1,$200-400,https://www.google.com/maps/place/%E7%A8%B2%E7%94%BA%E5%AE%B6%E9%A6%99%E6%96%99%E5%92%96%E5%93%A9+%E5%8D%97%E8%A5%BF%E4%BA%8C%E8%99%9F%E8%88%96%28%E4%B8%89%E8%B6%8A%E5%8D%97%E8%A5%BF%E4%B8%80%E9%A4%A8%E5%BE%8C%E6%96%B9%29/data=!4m7!3m6!1s0x3442a972d069cd0d:0xfde7e5a7718d413!8m2!3d25.0515127!4d121.5213549!16s%2Fg%2F11mtsdmg5z!19sChIJDc1p0HKpQjQRE9QYd1p-3g8?authuser=0&hl=zh-TW&rclk=1,656,25.0515127,121.5213549
笑貓咖哩-承德店 | 創作香料咖哩專門店｜スパイスカレー｜xiaomaocurry ｜spice curry,咖哩,4.4,$200-400,https://www.google.com/maps/place/%E7%AC%91%E8%B2%93%E5%92%96%E5%93%A9-%E6%89%BF%E5%BE%B7%E5%BA%97+%7C+%E5%89%B5%E4%BD%9C%E9%A6%99%E6%96%99%E5%92%96%E5%93%A9%E5%B0%88%E9%96%80%E5%BA%97%EF%BD%9C%E3%82%B9%E3%83%91%E3%82%A4%E3%82%B9%E3%82%AB%E3%83%AC%E3%83%BC%EF%BD%9Cxiaomaocurry+%EF%BD%9Cspice+curry/data=!4m7!3m6!1s0x3442a98532c77193:0x620b664f16d5e75!8m2!3d25.0505766!4d121.5161057!16s%2Fg%2F11lcpx5zl7!19sChIJk3HHMoWpQjQRdV5t8WS2IAY?authuser=0&hl=zh-TW&rclk=1,447,25.0505766,121.5161057
咖哩樹 currytree 台北京站店,咖哩,4.2,$200-400,https://www.google.com/maps/place/%E5%92%96%E5%93%A9%E6%A8%B9+currytree+%E5%8F%B0%E5%8C%97%E4%BA%AC%E7%AB%99%E5%BA%97/data=!4m7!3m6!1s0x3442a942c73625f5:0xb104e03977bdf140!8m2!3d25.0491865!4d121.5177193!16s%2Fg%2F11rx0mnljs!19sChIJ9SU2x0KpQjQRQPG9dzngBLE?authuser=0&hl=zh-TW&rclk=1,271,25.0491865,121.5177193
DayDayJamu Cafe 香料草本飲/ 印尼咖喱溫沙拉/爪哇咖啡,咖哩,4.8,$200-400,https://www.google.com/maps/place/DayDayJamu+Cafe+%E9%A6%99%E6%96%99%E8%8D%89%E6%9C%AC%E9%A3%B2%2F+%E5%8D%B0%E5%B0%BC%E5%92%96%E5%96%B1%E6%BA%AB%E6%B2%99%E6%8B%89%2F%E7%88%AA%E5%93%87%E5%92%96%E5%95%A1/data=!4m7!3m6!1s0x3442a972173e2cb9:0x4a3ee99b2c89f179!8m2!3d25.04647!4d121.5189498!16s%2Fg%2F11f3r157lq!19sChIJuSw-F3KpQjQRefGJLJvpPko?authuser=0&hl=zh-TW&rclk=1,150,25.04647,121.5189498
高橋咖哩,咖哩,4.1,$200-400,https://www.google.com/maps/place/%E9%AB%98%E6%A9%8B%E5%92%96%E5%93%A9/data=!4m7!3m6!1s0x3442a90044c8d043:0xd86bccde5b3b446a!8m2!3d25.0523941!4d121.5206746!16s%2Fg%2F11w7n9ptm2!19sChIJQ9DIRACpQjQRakQ7W97Ma9g?authuser=0&hl=zh-TW&rclk=1,704,25.0523941,121.5206746
農粹日式咖哩 長安店,咖哩,無資料,無資料,https://www.google.com/maps/place/%E8%BE%B2%E7%B2%B9%E6%97%A5%E5%BC%8F%E5%92%96%E5%93%A9+%E9%95%B7%E5%AE%89%E5%BA%97/data=!4m7!3m6!1s0x3442a995dd767b3f:0x4446a77e874c51a5!8m2!3d25.0498157!4d121.5189397!16s%2Fg%2F11z56y79p8!19sChIJP3t23ZWpQjQRpVFMh36nRkQ?authuser=0&hl=zh-TW&rclk=1,370,25.0498157,121.5189397
咖哩咖哩,咖哩,3.7,$200-400,https://www.google.com/maps/place/%E5%92%96%E5%93%A9%E5%92%96%E5%93%A9/data=!4m7!3m6!1s0x3442a98ec2117c35:0xc190ac57091b54f7!8m2!3d25.0477467!4d121.5169983!16s%2Fg%2F11srs682_f!19sChIJNXwRwo6pQjQR91QbCVeskME?authuser=0&hl=zh-TW&rclk=1,121,25.0477467,121.5169983
象樣品味即食鍋(臺北中山店) | 鍋燒麵 | 小火鍋 | 拉麵 | 咖哩飯,咖哩,4.7,$200-400,https://www.google.com/maps/place/%E8%B1%A1%E6%A8%A3%E5%93%81%E5%91%B3%E5%8D%B3%E9%A3%9F%E9%8D%8B%28%E8%87%BA%E5%8C%97%E4%B8%AD%E5%B1%B1%E5%BA%97%29+%7C+%E9%8D%8B%E7%87%92%E9%BA%B5+%7C+%E5%B0%8F%E7%81%AB%E9%8D%8B+%7C+%E6%8B%89%E9%BA%B5+%7C+%E5%92%96%E5%93%A9%E9%A3%AF/data=!4m7!3m6!1s0x3442a981e014bf45:0x6a535a297161faa7!8m2!3d25.0529988!4d121.5180641!16s%2Fg%2F11zjyvljnt!19sChIJRb8U4IGpQjQRp_phcSlaU2o?authuser=0&hl=zh-TW&rclk=1,696,25.0529988,121.5180641
スシロー壽司郎 台北館前路店,壽司,4.1,$400-600,https://www.google.com/maps/place/%E3%82%B9%E3%82%B7%E3%83%AD%E3%83%BC%E5%A3%BD%E5%8F%B8%E9%83%8E+%E5%8F%B0%E5%8C%97%E9%A4%A8%E5%89%8D%E8%B7%AF%E5%BA%97/data=!4m7!3m6!1s0x3442a9284d5b69e1:0x67a6f99dd1a2f2b5!8m2!3d25.0458267!4d121.5147169!16s%2Fg%2F11f6529fmn!19sChIJ4WlbTSipQjQRtfKi0Z35pmc?authuser=0&hl=zh-TW&rclk=1,298,25.0458267,121.5147169
くら寿司 藏壽司 中山南西店,壽司,4.0,$200-400,https://www.google.com/maps/place/%E3%81%8F%E3%82%89%E5%AF%BF%E5%8F%B8+%E8%97%8F%E5%A3%BD%E5%8F%B8+%E4%B8%AD%E5%B1%B1%E5%8D%97%E8%A5%BF%E5%BA%97/data=!4m7!3m6!1s0x3442a923cea1d337:0xb64cbf45a26484d5!8m2!3d25.0531227!4d121.519271!16s%2Fg%2F11n0c69cpf!19sChIJN9OhziOpQjQR1YRkokW_TLY?authuser=0&hl=zh-TW&rclk=1,730,25.0531227,121.519271
爭鮮迴轉壽司-中山南西店,壽司,4.8,$200-400,https://www.google.com/maps/place/%E7%88%AD%E9%AE%AE%E8%BF%B4%E8%BD%89%E5%A3%BD%E5%8F%B8-%E4%B8%AD%E5%B1%B1%E5%8D%97%E8%A5%BF%E5%BA%97/data=!4m7!3m6!1s0x3442a97ff75cdb2d:0x93550d1dacb4f5f!8m2!3d25.052046!4d121.520146!16s%2Fg%2F11yln27tv0!19sChIJLdtc93-pQjQRX0_L2tFQNQk?authuser=0&hl=zh-TW&rclk=1,646,25.052046,121.520146
一刺生魚片丼飯握壽司,壽司,4.8,$400-600,https://www.google.com/maps/place/%E4%B8%80%E5%88%BA%E7%94%9F%E9%AD%9A%E7%89%87%E4%B8%BC%E9%A3%AF%E6%8F%A1%E5%A3%BD%E5%8F%B8/data=!4m7!3m6!1s0x3442a93490bbd977:0xcf067edda42f9730!8m2!3d25.0498467!4d121.5132486!16s%2Fg%2F11l59hvv11!19sChIJd9m7kDSpQjQRMJcvpN1-Bs8?authuser=0&hl=zh-TW&rclk=1,549,25.0498467,121.5132486
魚兵衛太春和食處,壽司,4.2,$200-400,https://www.google.com/maps/place/%E9%AD%9A%E5%85%B5%E8%A1%9B%E5%A4%AA%E6%98%A5%E5%92%8C%E9%A3%9F%E8%99%95/data=!4m7!3m6!1s0x3442a96bfce020cd:0x715c67c90a46d6b2!8m2!3d25.0533917!4d121.5196083!16s%2Fg%2F11b6b7v34g!19sChIJzSDg_GupQjQRstZGCslnXHE?authuser=0&hl=zh-TW&rclk=1,768,25.0533917,121.5196083
くら寿司 藏壽司 台北館前店,壽司,4.2,$400-600,https://www.google.com/maps/place/%E3%81%8F%E3%82%89%E5%AF%BF%E5%8F%B8+%E8%97%8F%E5%A3%BD%E5%8F%B8+%E5%8F%B0%E5%8C%97%E9%A4%A8%E5%89%8D%E5%BA%97/data=!4m7!3m6!1s0x3442a9732f2cf9a9:0xc82ff77a3774e099!8m2!3d25.0456618!4d121.5147282!16s%2Fg%2F11dzspns1q!19sChIJqfksL3OpQjQRmeB0N3r3L8g?authuser=0&hl=zh-TW&rclk=1,304,25.0456618,121.5147282
游壽司中山店,壽司,4.5,無資料,https://www.google.com/maps/place/%E6%B8%B8%E5%A3%BD%E5%8F%B8%E4%B8%AD%E5%B1%B1%E5%BA%97/data=!4m7!3m6!1s0x3442a96eeac59937:0xb50fb8e39efed817!8m2!3d25.0509348!4d121.5213491!16s%2Fg%2F11dymvk3hb!19sChIJN5nF6m6pQjQRF9j-nuO4D7U?authuser=0&hl=zh-TW&rclk=1,605,25.0509348,121.5213491
欣葉日本料理館前店,壽司,4.1,無資料,https://www.google.com/maps/place/%E6%AC%A3%E8%91%89%E6%97%A5%E6%9C%AC%E6%96%99%E7%90%86%E9%A4%A8%E5%89%8D%E5%BA%97/data=!4m7!3m6!1s0x3442a97325ff7245:0x518d75db3db504a3!8m2!3d25.0456618!4d121.5147282!16s%2Fg%2F1tfjhtz5!19sChIJRXL_JXOpQjQRowS1Pdt1jVE?authuser=0&hl=zh-TW&rclk=1,304,25.0456618,121.5147282
順億鮪魚專賣店-長安店,壽司,4.3,$200-400,https://www.google.com/maps/place/%E9%A0%86%E5%84%84%E9%AE%AA%E9%AD%9A%E5%B0%88%E8%B3%A3%E5%BA%97-%E9%95%B7%E5%AE%89%E5%BA%97/data=!4m7!3m6!1s0x3442a96c4c4b279b:0x1eb0f2fc79c70ec3!8m2!3d25.050793!4d121.517837!16s%2Fg%2F11byxg649m!19sChIJmydLTGypQjQRww7HefzysB4?authuser=0&hl=zh-TW&rclk=1,450,25.050793,121.517837
米匠Mi Jian 中山店,壽司,4.2,無資料,https://www.google.com/maps/place/%E7%B1%B3%E5%8C%A0Mi+Jian+%E4%B8%AD%E5%B1%B1%E5%BA%97/data=!4m7!3m6!1s0x3442a9f2b2a17955:0xfd8b6c2d5ccb117a!8m2!3d25.0515071!4d121.5218612!16s%2Fg%2F11h_kfv6f1!19sChIJVXmhsvKpQjQRehHLXC1si_0?authuser=0&hl=zh-TW&rclk=1,687,25.0515071,121.5218612
鮨荻 sushi ogi ｜中山區Omakase 中山區日本料理,壽司,4.5,"超過 $2,000",https://www.google.com/maps/place/%E9%AE%A8%E8%8D%BB+sushi+ogi+%EF%BD%9C%E4%B8%AD%E5%B1%B1%E5%8D%80Omakase+%E4%B8%AD%E5%B1%B1%E5%8D%80%E6%97%A5%E6%9C%AC%E6%96%99%E7%90%86/data=!4m7!3m6!1s0x3442a951d724bd5d:0x927c926ca78f0cb4!8m2!3d25.0483924!4d121.5226728!16s%2Fg%2F11vhqg4ld8!19sChIJXb0k11GpQjQRtAyPp2ySfJI?authuser=0&hl=zh-TW&rclk=1,552,25.0483924,121.5226728
丸壽司,壽司,2.3,無資料,https://www.google.com/maps/place/%E4%B8%B8%E5%A3%BD%E5%8F%B8/data=!4m7!3m6!1s0x3442a96d881a1683:0x76dd87b74220d240!8m2!3d25.0482398!4d121.5170764!16s%2Fg%2F11g_yrbhx!19sChIJgxYaiG2pQjQRQNIgQreH3XY?authuser=0&hl=zh-TW&rclk=1,170,25.0482398,121.5170764
添財日本料理武昌店,壽司,4.0,無資料,https://www.google.com/maps/place/%E6%B7%BB%E8%B2%A1%E6%97%A5%E6%9C%AC%E6%96%99%E7%90%86%E6%AD%A6%E6%98%8C%E5%BA%97/data=!4m7!3m6!1s0x3442a90b6129c93f:0x712427715d65d38f!8m2!3d25.04356!4d121.512551!16s%2Fg%2F1ptz6tzg3!19sChIJP8kpYQupQjQRj9NlXXEnJHE?authuser=0&hl=zh-TW&rclk=1,612,25.04356,121.512551
這一小鍋 台北東森站前店（無接受訂位）【呷Bar店】,火鍋,4.7,$200-400,https://www.google.com/maps/place/%E9%80%99%E4%B8%80%E5%B0%8F%E9%8D%8B+%E5%8F%B0%E5%8C%97%E6%9D%B1%E6%A3%AE%E7%AB%99%E5%89%8D%E5%BA%97%EF%BC%88%E7%84%A1%E6%8E%A5%E5%8F%97%E8%A8%82%E4%BD%8D%EF%BC%89%E3%80%90%E5%91%B7Bar%E5%BA%97%E3%80%91/data=!4m7!3m6!1s0x3442a9a3d0cf5eff:0x787b7968fef1d578!8m2!3d25.04646!4d121.5174454!16s%2Fg%2F11jx5wwbw4!19sChIJ_17P0KOpQjQReNXx_mh5e3g?authuser=0&hl=zh-TW&rclk=1,34,25.04646,121.5174454
荳福火鍋-中正熱門鍋物|特色鍋物|人氣鍋物|個人鍋物|外帶鍋物|必吃火鍋|在地推薦火鍋|必吃涮涮鍋,火鍋,4.9,$200-400,https://www.google.com/maps/place/%E8%8D%B3%E7%A6%8F%E7%81%AB%E9%8D%8B-%E4%B8%AD%E6%AD%A3%E7%86%B1%E9%96%80%E9%8D%8B%E7%89%A9%7C%E7%89%B9%E8%89%B2%E9%8D%8B%E7%89%A9%7C%E4%BA%BA%E6%B0%A3%E9%8D%8B%E7%89%A9%7C%E5%80%8B%E4%BA%BA%E9%8D%8B%E7%89%A9%7C%E5%A4%96%E5%B8%B6%E9%8D%8B%E7%89%A9%7C%E5%BF%85%E5%90%83%E7%81%AB%E9%8D%8B%7C%E5%9C%A8%E5%9C%B0%E6%8E%A8%E8%96%A6%E7%81%AB%E9%8D%8B%7C%E5%BF%85%E5%90%83%E6%B6%AE%E6%B6%AE%E9%8D%8B/data=!4m7!3m6!1s0x3442a9ffadb2a96b:0x2066bda1871dd091!8m2!3d25.0460276!4d121.5102455!16s%2Fg%2F11x76kv27t!19sChIJa6myrf-pQjQRkdAdh6G9ZiA?authuser=0&hl=zh-TW&rclk=1,735,25.0460276,121.5102455
石研室 爆炒石頭火鍋 - 誠品北車店,火鍋,4.5,$400-600,https://www.google.com/maps/place/%E7%9F%B3%E7%A0%94%E5%AE%A4+%E7%88%86%E7%82%92%E7%9F%B3%E9%A0%AD%E7%81%AB%E9%8D%8B+-+%E8%AA%A0%E5%93%81%E5%8C%97%E8%BB%8A%E5%BA%97/data=!4m7!3m6!1s0x3442a972f0a953fb:0x46c2c11df52e3916!8m2!3d25.0457668!4d121.5171127!16s%2Fg%2F11h9rctzs2!19sChIJ-1Op8HKpQjQRFjku9R3BwkY?authuser=0&hl=zh-TW&rclk=1,117,25.0457668,121.5171127
砸鍋賣鐵 小 火鍋/中正/150元起/平價 鍋物/台北車站/火鍋吃到飽/ 吃 到 飽,火鍋,4.8,$200-400,https://www.google.com/maps/place/%E7%A0%B8%E9%8D%8B%E8%B3%A3%E9%90%B5+%E5%B0%8F+%E7%81%AB%E9%8D%8B%2F%E4%B8%AD%E6%AD%A3%2F150%E5%85%83%E8%B5%B7%2F%E5%B9%B3%E5%83%B9+%E9%8D%8B%E7%89%A9%2F%E5%8F%B0%E5%8C%97%E8%BB%8A%E7%AB%99%2F%E7%81%AB%E9%8D%8B%E5%90%83%E5%88%B0%E9%A3%BD%2F+%E5%90%83+%E5%88%B0+%E9%A3%BD/data=!4m7!3m6!1s0x3442a9df795ab2f5:0x95bf80d506965374!8m2!3d25.0452943!4d121.5135434!16s%2Fg%2F11s_sns05_!19sChIJ9bJaed-pQjQRdFOWBtWAv5U?authuser=0&hl=zh-TW&rclk=1,430,25.0452943,121.5135434
荖子鍋Plus 東森北車店,火鍋,4.4,$400-600,https://www.google.com/maps/place/%E8%8D%96%E5%AD%90%E9%8D%8BPlus+%E6%9D%B1%E6%A3%AE%E5%8C%97%E8%BB%8A%E5%BA%97/data=!4m7!3m6!1s0x3442a9480ed88dd1:0xab65595e61c2a1d!8m2!3d25.0465183!4d121.5174415!16s%2Fg%2F11w27sv70x!19sChIJ0Y3YDkipQjQRHSoc5pVVtgo?authuser=0&hl=zh-TW&rclk=1,27,25.0465183,121.5174415
黃小妹地攤火鍋－四川重慶火鍋店｜麻辣鍋推薦｜宵夜｜開到凌晨｜台北中山區｜捷運中山站,火鍋,4.9,無資料,https://www.google.com/maps/place/%E9%BB%83%E5%B0%8F%E5%A6%B9%E5%9C%B0%E6%94%A4%E7%81%AB%E9%8D%8B%EF%BC%8D%E5%9B%9B%E5%B7%9D%E9%87%8D%E6%85%B6%E7%81%AB%E9%8D%8B%E5%BA%97%EF%BD%9C%E9%BA%BB%E8%BE%A3%E9%8D%8B%E6%8E%A8%E8%96%A6%EF%BD%9C%E5%AE%B5%E5%A4%9C%EF%BD%9C%E9%96%8B%E5%88%B0%E5%87%8C%E6%99%A8%EF%BD%9C%E5%8F%B0%E5%8C%97%E4%B8%AD%E5%B1%B1%E5%8D%80%EF%BD%9C%E6%8D%B7%E9%81%8B%E4%B8%AD%E5%B1%B1%E7%AB%99/data=!4m7!3m6!1s0x3442a9a86178d17d:0x527b9d7123052c58!8m2!3d25.0504631!4d121.5241751!16s%2Fg%2F11whrcvszr!19sChIJfdF4YaipQjQRWCwFI3Gde1I?authuser=0&hl=zh-TW&rclk=1,789,25.0504631,121.5241751
沐牧鍋物 MuMu Hot Pot,火鍋,4.4,$400-600,https://www.google.com/maps/place/%E6%B2%90%E7%89%A7%E9%8D%8B%E7%89%A9+MuMu+Hot+Pot/data=!4m7!3m6!1s0x3442a96c4c6bded9:0xd9bf8381d4ea24b5!8m2!3d25.050717!4d121.518107!16s%2Fg%2F11bw1528qh!19sChIJ2d5rTGypQjQRtSTq1IGDv9k?authuser=0&hl=zh-TW&rclk=1,444,25.050717,121.518107
聚日式鍋物 台北衡陽店,火鍋,4.7,$400-600,https://www.google.com/maps/place/%E8%81%9A%E6%97%A5%E5%BC%8F%E9%8D%8B%E7%89%A9+%E5%8F%B0%E5%8C%97%E8%A1%A1%E9%99%BD%E5%BA%97/data=!4m7!3m6!1s0x3442a90b4bbead25:0x570903de0c2b9eee!8m2!3d25.0424957!4d121.5138702!16s%2Fg%2F1thx1qrm!19sChIJJa2-SwupQjQR7p4rDN4DCVc?authuser=0&hl=zh-TW&rclk=1,598,25.0424957,121.5138702
藝奇,日式,4.7,"$800-1,000",https://www.google.com/maps/place/%E8%97%9D%E5%A5%87/data=!4m7!3m6!1s0x3442a90b4bbd42b1:0x3e3e868433568863!8m2!3d25.0420806!4d121.5120889!16s%2Fg%2F1yfprry99!19sChIJsUK9SwupQjQRY4hWM4SGPj4?authuser=0&hl=zh-TW&rclk=1,753,25.0420806,121.5120889
渾水摸魚料亭,日式,4.7,$400-600,https://www.google.com/maps/place/%E6%B8%BE%E6%B0%B4%E6%91%B8%E9%AD%9A%E6%96%99%E4%BA%AD/data=!4m7!3m6!1s0x3442a9f5ffe69bc3:0x25bcec79715d44fc!8m2!3d25.0515541!4d121.5168113!16s%2Fg%2F11j7vmwx_5!19sChIJw5vm__WpQjQR_ERdcXnsvCU?authuser=0&hl=zh-TW&rclk=1,538,25.0515541,121.5168113
YAYOI彌生軒 站前懷寧店,日式,4.2,$400-600,https://www.google.com/maps/place/YAYOI%E5%BD%8C%E7%94%9F%E8%BB%92+%E7%AB%99%E5%89%8D%E6%87%B7%E5%AF%A7%E5%BA%97/data=!4m7!3m6!1s0x3442a97333393e2b:0xb12e6706a5124c53!8m2!3d25.045298!4d121.514295!16s%2Fg%2F11bzs4g16x!19sChIJKz45M3OpQjQRU0wSpQZnLrE?authuser=0&hl=zh-TW&rclk=1,361,25.045298,121.514295
滿酌屋 mansyakuya-大同原始燒|日式小料理|居酒屋|精緻美食|日式炭火燒烤|割烹生魚片|日本新鮮海鮮|復古風餐廳,日式,4.6,無資料,https://www.google.com/maps/place/%E6%BB%BF%E9%85%8C%E5%B1%8B+mansyakuya-%E5%A4%A7%E5%90%8C%E5%8E%9F%E5%A7%8B%E7%87%92%7C%E6%97%A5%E5%BC%8F%E5%B0%8F%E6%96%99%E7%90%86%7C%E5%B1%85%E9%85%92%E5%B1%8B%7C%E7%B2%BE%E7%B7%BB%E7%BE%8E%E9%A3%9F%7C%E6%97%A5%E5%BC%8F%E7%82%AD%E7%81%AB%E7%87%92%E7%83%A4%7C%E5%89%B2%E7%83%B9%E7%94%9F%E9%AD%9A%E7%89%87%7C%E6%97%A5%E6%9C%AC%E6%96%B0%E9%AE%AE%E6%B5%B7%E9%AE%AE%7C%E5%BE%A9%E5%8F%A4%E9%A2%A8%E9%A4%90%E5%BB%B3/data=!4m7!3m6!1s0x3442a90035449c89:0x6c4646214045ceaf!8m2!3d25.0496734!4d121.5195359!16s%2Fg%2F11vxphjpqg!19sChIJiZxENQCpQjQRr85FQCFGRmw?authuser=0&hl=zh-TW&rclk=1,384,25.0496734,121.5195359
御景日本料理,日式,4.5,無資料,https://www.google.com/maps/place/%E5%BE%A1%E6%99%AF%E6%97%A5%E6%9C%AC%E6%96%99%E7%90%86/data=!4m7!3m6!1s0x3442a97056ad035f:0x63fff00cbb9e5b4d!8m2!3d25.044331!4d121.5229829!16s%2Fg%2F1tq4nt00!19sChIJXwOtVnCpQjQRTVueuwzw_2M?authuser=0&hl=zh-TW&rclk=1,615,25.044331,121.5229829
月見 Meet the Moon日式料理,日式,4.3,無資料,https://www.google.com/maps/place/%E6%9C%88%E8%A6%8B+Meet+the+Moon%E6%97%A5%E5%BC%8F%E6%96%99%E7%90%86/data=!4m7!3m6!1s0x3442a9218104e129:0x5188ca6bfd9cd354!8m2!3d25.0502687!4d121.5194055!16s%2Fg%2F11pkhpbb29!19sChIJKeEEgSGpQjQRVNOc_WvKiFE?authuser=0&hl=zh-TW&rclk=1,435,25.0502687,121.5194055
正宗日式手工蕎麥麵 蕎菜,日式,4.6,無資料,https://www.google.com/maps/place/%E6%AD%A3%E5%AE%97%E6%97%A5%E5%BC%8F%E6%89%8B%E5%B7%A5%E8%95%8E%E9%BA%A5%E9%BA%B5+%E8%95%8E%E8%8F%9C/data=!4m7!3m6!1s0x3442a96f3c71b219:0x22bd3f516dcfd6b4!8m2!3d25.0508404!4d121.5235867!16s%2Fg%2F11b_007kff!19sChIJGbJxPG-pQjQRtNbPbVE_vSI?authuser=0&hl=zh-TW&rclk=1,763,25.0508404,121.5235867
麗都日本料理,日式,4.0,無資料,https://www.google.com/maps/place/%E9%BA%97%E9%83%BD%E6%97%A5%E6%9C%AC%E6%96%99%E7%90%86/data=!4m7!3m6!1s0x3442a90c42a08fc7:0xf8d45bf6d83a32b0!8m2!3d25.0456389!4d121.5103117!16s%2Fg%2F1tgntx_1!19sChIJx4-gQgypQjQRsDI62PZb1Pg?authuser=0&hl=zh-TW&rclk=1,734,25.0456389,121.5103117
Cube Brunch 丘比墨食所,早餐,4.3,$1-200,https://www.google.com/maps/place/Cube+Brunch+%E4%B8%98%E6%AF%94%E5%A2%A8%E9%A3%9F%E6%89%80/data=!4m7!3m6!1s0x3442a9706537028b:0x7f05ef14d5c3af73!8m2!3d25.0442114!4d121.5248566!16s%2Fg%2F1pzvl3qv_!19sChIJiwI3ZXCpQjQRc6_D1RTvBX8?authuser=0&hl=zh-TW&rclk=1,794,25.0442114,121.5248566
大四方蛋餅,早餐,4.3,$1-200,https://www.google.com/maps/place/%E5%A4%A7%E5%9B%9B%E6%96%B9%E8%9B%8B%E9%A4%85/data=!4m7!3m6!1s0x3442a9731c83ea2d:0x3c4223f9c22c888c!8m2!3d25.0451553!4d121.516259!16s%2Fg%2F11c2pfwdkk!19sChIJLeqDHHOpQjQRjIgswvkjQjw?authuser=0&hl=zh-TW&rclk=1,217,25.0451553,121.516259
可蜜達吐司（北門店）,早餐,4.5,$1-200,https://www.google.com/maps/place/%E5%8F%AF%E8%9C%9C%E9%81%94%E5%90%90%E5%8F%B8%EF%BC%88%E5%8C%97%E9%96%80%E5%BA%97%EF%BC%89/data=!4m7!3m6!1s0x3442a9e15f157a8f:0xbd353f1d06efd6e1!8m2!3d25.0464357!4d121.5104642!16s%2Fg%2F11h1ywpt_0!19sChIJj3oVX-GpQjQR4dbvBh0_Nb0?authuser=0&hl=zh-TW&rclk=1,709,25.0464357,121.5104642
丸本丸飯糰早餐 ONE BANG ONE BREAKFAST /米粉羹/purple rice ball / rice noodles soup / breakfast,早餐,4.8,$1-200,https://www.google.com/maps/place/%E4%B8%B8%E6%9C%AC%E4%B8%B8%E9%A3%AF%E7%B3%B0%E6%97%A9%E9%A4%90+ONE+BANG+ONE+BREAKFAST+%2F%E7%B1%B3%E7%B2%89%E7%BE%B9%2Fpurple+rice+ball+%2F+rice+noodles+soup+%2F+breakfast/data=!4m7!3m6!1s0x3442a987bdd6646f:0x775573629c7ab2d6!8m2!3d25.0527778!4d121.5139754!16s%2Fg%2F11pdgc8462!19sChIJb2TWvYepQjQR1rJ6nGJzVXc?authuser=0&hl=zh-TW&rclk=1,757,25.0527778,121.5139754
27碳烤吐司,早餐,4.8,$1-200,https://www.google.com/maps/place/27%E7%A2%B3%E7%83%A4%E5%90%90%E5%8F%B8/data=!4m7!3m6!1s0x3442a96ae7858969:0x6c6b96f1f98cae8e!8m2!3d25.0467882!4d121.5136553!16s%2Fg%2F11gcncjfsg!19sChIJaYmF52qpQjQRjq6M-fGWa2w?authuser=0&hl=zh-TW&rclk=1,387,25.0467882,121.5136553
真芳碳烤吐司-長安天津店 台北早餐三明治,早餐,4.6,$1-200,https://www.google.com/maps/place/%E7%9C%9F%E8%8A%B3%E7%A2%B3%E7%83%A4%E5%90%90%E5%8F%B8-%E9%95%B7%E5%AE%89%E5%A4%A9%E6%B4%A5%E5%BA%97+%E5%8F%B0%E5%8C%97%E6%97%A9%E9%A4%90%E4%B8%89%E6%98%8E%E6%B2%BB/data=!4m7!3m6!1s0x3442a9825a79557d:0xdc2fdd9b72c4b2af!8m2!3d25.0496398!4d121.5229749!16s%2Fg%2F11m__xtvkg!19sChIJfVV5WoKpQjQRr7LEcpvdL9w?authuser=0&hl=zh-TW&rclk=1,638,25.0496398,121.5229749
美好美快餐,早餐,4.5,$1-200,https://www.google.com/maps/place/%E7%BE%8E%E5%A5%BD%E7%BE%8E%E5%BF%AB%E9%A4%90/data=!4m7!3m6!1s0x3442a90b5451df25:0xb28669debdacfdc2!8m2!3d25.0436343!4d121.5139608!16s%2Fg%2F1tnpc3d2!19sChIJJd9RVAupQjQRwv2svd5phrI?authuser=0&hl=zh-TW&rclk=1,497,25.0436343,121.5139608
早你吃早餐,早餐,4.1,$1-200,https://www.google.com/maps/place/%E6%97%A9%E4%BD%A0%E5%90%83%E6%97%A9%E9%A4%90/data=!4m7!3m6!1s0x3442a999db1c268d:0x1819e6a3fa1ce841!8m2!3d25.0434684!4d121.5114086!16s%2Fg%2F11kspgkl1m!19sChIJjSYc25mpQjQRQegc-qPmGRg?authuser=0&hl=zh-TW&rclk=1,714,25.0434684,121.5114086
桔子早午餐,早餐,4.2,$1-200,https://www.google.com/maps/place/%E6%A1%94%E5%AD%90%E6%97%A9%E5%8D%88%E9%A4%90/data=!4m7!3m6!1s0x3442a95aad2266ad:0xf8686c0847982b7b!8m2!3d25.0434488!4d121.5240894!16s%2Fg%2F11rr59sswd!19sChIJrWYirVqpQjQReyuYRwhsaPg?authuser=0&hl=zh-TW&rclk=1,759,25.0434488,121.5240894
真芳現烤吐司-台北車站店 台北早餐三明治,早餐,4.3,$1-200,https://www.google.com/maps/place/%E7%9C%9F%E8%8A%B3%E7%8F%BE%E7%83%A4%E5%90%90%E5%8F%B8-%E5%8F%B0%E5%8C%97%E8%BB%8A%E7%AB%99%E5%BA%97+%E5%8F%B0%E5%8C%97%E6%97%A9%E9%A4%90%E4%B8%89%E6%98%8E%E6%B2%BB/data=!4m7!3m6!1s0x3442a967f0fa2177:0xcacc46a824bb8d0c!8m2!3d25.0464152!4d121.5166288!16s%2Fg%2F11x988g7db!19sChIJdyH68GepQjQRDI27JKhGzMo?authuser=0&hl=zh-TW&rclk=1,95,25.0464152,121.5166288
好初早餐 中山,早餐,4.0,$1-200,https://www.google.com/maps/place/%E5%A5%BD%E5%88%9D%E6%97%A9%E9%A4%90+%E4%B8%AD%E5%B1%B1/data=!4m7!3m6!1s0x3442a9943c21fcd9:0x576e5363fd9d8541!8m2!3d25.0505496!4d121.5180916!16s%2Fg%2F11jg10vhq4!19sChIJ2fwhPJSpQjQRQYWd_WNTblc?authuser=0&hl=zh-TW&rclk=1,426,25.0505496,121.5180916
青島早餐,早餐,4.0,$1-200,https://www.google.com/maps/place/%E9%9D%92%E5%B3%B6%E6%97%A9%E9%A4%90/data=!4m7!3m6!1s0x3442a970f35ef43f:0x51285963e07a6c20!8m2!3d25.0436256!4d121.5240528!16s%2Fg%2F11h04vlz9!19sChIJP_Re83CpQjQRIGx64GNZKFE?authuser=0&hl=zh-TW&rclk=1,747,25.0436256,121.5240528
阜杭豆漿,早餐,4.1,$1-200,https://www.google.com/maps/place/%E9%98%9C%E6%9D%AD%E8%B1%86%E6%BC%BF/data=!4m7!3m6!1s0x3442a97065a9fe7d:0x9f8ad0b871ef2d1e!8m2!3d25.0442333!4d121.5248433!16s%2Fg%2F11cjhz0qt7!19sChIJff6pZXCpQjQRHi3vcbjQip8?authuser=0&hl=zh-TW&rclk=1,792,25.0442333,121.5248433
單眼皮双眼皮早餐輕食2店,早餐,4.7,$1-200,https://www.google.com/maps/place/%E5%96%AE%E7%9C%BC%E7%9A%AE%E5%8F%8C%E7%9C%BC%E7%9A%AE%E6%97%A9%E9%A4%90%E8%BC%95%E9%A3%9F2%E5%BA%97/data=!4m7!3m6!1s0x3442a96e76e163cb:0x92410330a8d40161!8m2!3d25.0492371!4d121.5200451!16s%2Fg%2F11cnbxqd9z!19sChIJy2Phdm6pQjQRYQHUqDADQZI?authuser=0&hl=zh-TW&rclk=1,377,25.0492371,121.5200451
華國早餐店,早餐,4.4,$1-200,https://www.google.com/maps/place/%E8%8F%AF%E5%9C%8B%E6%97%A9%E9%A4%90%E5%BA%97/data=!4m7!3m6!1s0x3442a9708c8341af:0xd4d62bcc38c9cff!8m2!3d25.0435179!4d121.5243052!16s%2Fg%2F1th5xhcp!19sChIJr0GDjHCpQjQR_5yMw7xiTQ0?authuser=0&hl=zh-TW&rclk=1,775,25.0435179,121.5243052
蛋要酷手工蛋餅專賣店,早餐,4.2,$1-200,https://www.google.com/maps/place/%E8%9B%8B%E8%A6%81%E9%85%B7%E6%89%8B%E5%B7%A5%E8%9B%8B%E9%A4%85%E5%B0%88%E8%B3%A3%E5%BA%97/data=!4m7!3m6!1s0x3442a9733f8616a1:0xb3d614a13373eaa9!8m2!3d25.0444547!4d121.5154602!16s%2Fg%2F11b77vbxvx!19sChIJoRaGP3OpQjQRqepzM6EU1rM?authuser=0&hl=zh-TW&rclk=1,328,25.0444547,121.5154602
齊文藝室共享辦公咖啡廳-The Singularity Co-Working Cafe,咖啡廳,4.9,$200-400,https://www.google.com/maps/place/%E9%BD%8A%E6%96%87%E8%97%9D%E5%AE%A4%E5%85%B1%E4%BA%AB%E8%BE%A6%E5%85%AC%E5%92%96%E5%95%A1%E5%BB%B3-The+Singularity+Co-Working+Cafe/data=!4m7!3m6!1s0x3442a95ac3df03ff:0x20835f64ff69c95f!8m2!3d25.0442539!4d121.5160275!16s%2Fg%2F11sz409285!19sChIJ_wPfw1qpQjQRX8lp_2RfgyA?authuser=0&hl=zh-TW&rclk=1,315,25.0442539,121.5160275
附近咖啡2店,咖啡廳,4.6,$200-400,https://www.google.com/maps/place/%E9%99%84%E8%BF%91%E5%92%96%E5%95%A12%E5%BA%97/data=!4m7!3m6!1s0x3442a97e4488d67f:0x68abca7cf7566317!8m2!3d25.045395!4d121.510671!16s%2Fg%2F11y3784l8d!19sChIJf9aIRH6pQjQRF2NW93zKq2g?authuser=0&hl=zh-TW&rclk=1,704,25.045395,121.510671
附近咖啡,咖啡廳,4.3,$200-400,https://www.google.com/maps/place/%E9%99%84%E8%BF%91%E5%92%96%E5%95%A1/data=!4m7!3m6!1s0x3442a93582a57f51:0x24da884ae182533b!8m2!3d25.0497072!4d121.5193976!16s%2Fg%2F11p5qkx4kr!19sChIJUX-lgjWpQjQRO1OC4UqI2iQ?authuser=0&hl=zh-TW&rclk=1,380,25.0497072,121.5193976
Block & Cafe. 町咖啡,咖啡廳,4.5,$1-200,https://www.google.com/maps/place/Block+%26+Cafe.+%E7%94%BA%E5%92%96%E5%95%A1/data=!4m7!3m6!1s0x3442a985d8fc30af:0x5cddd5df3a0d49f!8m2!3d25.0508535!4d121.5152487!16s%2Fg%2F11hcklj61c!19sChIJrzD82IWpQjQRn9Sg813dzQU?authuser=0&hl=zh-TW&rclk=1,509,25.0508535,121.5152487
Lottery & Cafe. 楽透咖啡,咖啡廳,4.4,$1-200,https://www.google.com/maps/place/Lottery+%26+Cafe.+%E6%A5%BD%E9%80%8F%E5%92%96%E5%95%A1/data=!4m7!3m6!1s0x3442a90b525144af:0xafb5af256f1d9b71!8m2!3d25.0432024!4d121.5139509!16s%2Fg%2F11c20spv2m!19sChIJr0RRUgupQjQRcZsdbyWvta8?authuser=0&hl=zh-TW&rclk=1,533,25.0432024,121.5139509
NOTCH咖啡 本町店(重慶南路),咖啡廳,4.3,$1-200,https://www.google.com/maps/place/NOTCH%E5%92%96%E5%95%A1+%E6%9C%AC%E7%94%BA%E5%BA%97%28%E9%87%8D%E6%85%B6%E5%8D%97%E8%B7%AF%29/data=!4m7!3m6!1s0x3442a90cc672e8bb:0x704ac95c59b8236b!8m2!3d25.0453596!4d121.5133704!16s%2Fg%2F11f_ltm83j!19sChIJu-hyxgypQjQRayO4WVzJSnA?authuser=0&hl=zh-TW&rclk=1,444,25.0453596,121.5133704
九日咖啡（北車店）9 Days Coffee,咖啡廳,4.6,$1-200,https://www.google.com/maps/place/%E4%B9%9D%E6%97%A5%E5%92%96%E5%95%A1%EF%BC%88%E5%8C%97%E8%BB%8A%E5%BA%97%EF%BC%899+Days+Coffee/data=!4m7!3m6!1s0x3442a93ed025bb5f:0x6ffab7dffcc452d9!8m2!3d25.0449603!4d121.5177709!16s%2Fg%2F11f62thybd!19sChIJX7sl0D6pQjQR2VLE_N-3-m8?authuser=0&hl=zh-TW&rclk=1,202,25.0449603,121.5177709
木白甜點咖啡店,咖啡廳,4.5,$200-400,https://www.google.com/maps/place/%E6%9C%A8%E7%99%BD%E7%94%9C%E9%BB%9E%E5%92%96%E5%95%A1%E5%BA%97/data=!4m7!3m6!1s0x3442a95e920be125:0xab65280d1121a579!8m2!3d25.0455627!4d121.52511!16s%2Fg%2F11cnd9s94q!19sChIJJeELkl6pQjQReaUhEQ0oZas?authuser=0&hl=zh-TW&rclk=1,778,25.0455627,121.52511
奧蘿茉咖啡館（ OROMO cafe)北車店自烘咖啡,咖啡廳,4.4,$200-400,https://www.google.com/maps/place/%E5%A5%A7%E8%98%BF%E8%8C%89%E5%92%96%E5%95%A1%E9%A4%A8%EF%BC%88+OROMO+cafe%29%E5%8C%97%E8%BB%8A%E5%BA%97%E8%87%AA%E7%83%98%E5%92%96%E5%95%A1/data=!4m7!3m6!1s0x3442a973134c62a9:0x7e57951434bde774!8m2!3d25.044403!4d121.5159776!16s%2Fg%2F11bz__l7kc!19sChIJqWJME3OpQjQRdOe9NBSVV34?authuser=0&hl=zh-TW&rclk=1,303,25.044403,121.5159776
COFFEE TO (國家攝影文化中心門市),咖啡廳,4.5,$200-400,https://www.google.com/maps/place/COFFEE+TO+%28%E5%9C%8B%E5%AE%B6%E6%94%9D%E5%BD%B1%E6%96%87%E5%8C%96%E4%B8%AD%E5%BF%83%E9%96%80%E5%B8%82%29/data=!4m7!3m6!1s0x3442a9e6eb839fc3:0xc9642a75674788d!8m2!3d25.0466999!4d121.514495!16s%2Fg%2F11pwsqd2g1!19sChIJw5-D6-apQjQRjXh0VqdClgw?authuser=0&hl=zh-TW&rclk=1,302,25.0466999,121.514495
16.67 Cafe | 台北車站咖啡廳 | 咖啡 | 咖啡豆 | 咖啡機租賃 | 228公園咖啡廳,咖啡廳,4.9,$1-200,https://www.google.com/maps/place/16.67+Cafe+%7C+%E5%8F%B0%E5%8C%97%E8%BB%8A%E7%AB%99%E5%92%96%E5%95%A1%E5%BB%B3+%7C+%E5%92%96%E5%95%A1+%7C+%E5%92%96%E5%95%A1%E8%B1%86+%7C+%E5%92%96%E5%95%A1%E6%A9%9F%E7%A7%9F%E8%B3%83+%7C+228%E5%85%AC%E5%9C%92%E5%92%96%E5%95%A1%E5%BB%B3/data=!4m7!3m6!1s0x3442a9607762c453:0x9b5237b0e8f8d493!8m2!3d25.0435271!4d121.5155066!16s%2Fg%2F11rshtj2cc!19sChIJU8Rid2CpQjQRk9T46LA3Ups?authuser=0&hl=zh-TW&rclk=1,411,25.0435271,121.5155066
A.B.D. Coffee & Life,咖啡廳,4.7,$200-400,https://www.google.com/maps/place/A.B.D.+Coffee+%26+Life/data=!4m7!3m6!1s0x3442ab136a1fa325:0x44774f6f7ab838e7!8m2!3d25.0443429!4d121.523632!16s%2Fg%2F11f6y2l_2_!19sChIJJaMfahOrQjQR5zi4em9Pd0Q?authuser=0&hl=zh-TW&rclk=1,674,25.0443429,121.523632
露西森林・名日文化（咖啡廳｜療癒活動｜空間租借｜心理書籍）,咖啡廳,5.0,$1-200,https://www.google.com/maps/place/%E9%9C%B2%E8%A5%BF%E6%A3%AE%E6%9E%97%E3%83%BB%E5%90%8D%E6%97%A5%E6%96%87%E5%8C%96%EF%BC%88%E5%92%96%E5%95%A1%E5%BB%B3%EF%BD%9C%E7%99%82%E7%99%92%E6%B4%BB%E5%8B%95%EF%BD%9C%E7%A9%BA%E9%96%93%E7%A7%9F%E5%80%9F%EF%BD%9C%E5%BF%83%E7%90%86%E6%9B%B8%E7%B1%8D%EF%BC%89/data=!4m7!3m6!1s0x3442a95f1999998b:0xede542046728c5eb!8m2!3d25.0487032!4d121.5207864!16s%2Fg%2F11vr4w42p2!19sChIJi5mZGV-pQjQR68UoZwRC5e0?authuser=0&hl=zh-TW&rclk=1,396,25.0487032,121.5207864
黑露咖啡館 OLO Coffee Roasters,咖啡廳,4.6,$200-400,https://www.google.com/maps/place/%E9%BB%91%E9%9C%B2%E5%92%96%E5%95%A1%E9%A4%A8+OLO+Coffee+Roasters/data=!4m7!3m6!1s0x3442a96e9d041c9d:0x71077e47e2b025d6!8m2!3d25.0509423!4d121.5200467!16s%2Fg%2F11bzrp3w28!19sChIJnRwEnW6pQjQR1iWw4kd-B3E?authuser=0&hl=zh-TW&rclk=1,531,25.0509423,121.5200467
MOJO 1921,咖啡廳,4.7,$200-400,https://www.google.com/maps/place/MOJO+1921/data=!4m7!3m6!1s0x3442a9f11e3f9af7:0xa999a0fee6ed082e!8m2!3d25.0505778!4d121.5195215!16s%2Fg%2F11fqymtdpd!19sChIJ95o_HvGpQjQRLgjt5v6gmak?authuser=0&hl=zh-TW&rclk=1,471,25.0505778,121.5195215
裏麵深夜食堂,麵店,4.6,$1-200,https://www.google.com/maps/place/%E8%A3%8F%E9%BA%B5%E6%B7%B1%E5%A4%9C%E9%A3%9F%E5%A0%82/data=!4m7!3m6!1s0x3442ab4eb8780b33:0x7f9057dcc149eec4!8m2!3d25.0458857!4d121.5104514!16s%2Fg%2F11pyc17x00!19sChIJMwt4uE6rQjQRxO5JwdxXkH8?authuser=0&hl=zh-TW&rclk=1,716,25.0458857,121.5104514
墨竹亭 燃麵本家 台北善導寺店,麵店,4.6,$1-200,https://www.google.com/maps/place/%E5%A2%A8%E7%AB%B9%E4%BA%AD+%E7%87%83%E9%BA%B5%E6%9C%AC%E5%AE%B6+%E5%8F%B0%E5%8C%97%E5%96%84%E5%B0%8E%E5%AF%BA%E5%BA%97/data=!4m7!3m6!1s0x3442a9d44cf3ad85:0xec5f035fcbbfad65!8m2!3d25.0443109!4d121.5239661!16s%2Fg%2F11mlnvjt9j!19sChIJha3zTNSpQjQRZa2_y18DX-w?authuser=0&hl=zh-TW&rclk=1,706,25.0443109,121.5239661
墨竹亭 燃麵本家 北車站前店,麵店,4.9,$200-400,https://www.google.com/maps/place/%E5%A2%A8%E7%AB%B9%E4%BA%AD+%E7%87%83%E9%BA%B5%E6%9C%AC%E5%AE%B6+%E5%8C%97%E8%BB%8A%E7%AB%99%E5%89%8D%E5%BA%97/data=!4m7!3m6!1s0x3442a9748a2583c3:0xb85d6acc0de7bcff!8m2!3d25.047113!4d121.512802!16s%2Fg%2F11yyv7wvxw!19sChIJw4MlinSpQjQR_7znDcxqXbg?authuser=0&hl=zh-TW&rclk=1,474,25.047113,121.512802
華陰街無名麵店,麵店,4.4,$1-200,https://www.google.com/maps/place/%E8%8F%AF%E9%99%B0%E8%A1%97%E7%84%A1%E5%90%8D%E9%BA%B5%E5%BA%97/data=!4m7!3m6!1s0x3442a96d3da54309:0x3ca7461552f6a8e5!8m2!3d25.0502701!4d121.5157375!16s%2Fg%2F11c6rjn861!19sChIJCUOlPW2pQjQR5aj2UhVGpzw?authuser=0&hl=zh-TW&rclk=1,429,25.0502701,121.5157375
老台客食麵,麵店,4.3,$1-200,https://www.google.com/maps/place/%E8%80%81%E5%8F%B0%E5%AE%A2%E9%A3%9F%E9%BA%B5/data=!4m7!3m6!1s0x3442a93dd75dd355:0xc52b62335a0098c2!8m2!3d25.0448072!4d121.5140539!16s%2Fg%2F11h602xxcl!19sChIJVdNd1z2pQjQRwpgAWjNiK8U?authuser=0&hl=zh-TW&rclk=1,409,25.0448072,121.5140539
劉山東小吃店,麵店,4.0,$1-200,https://www.google.com/maps/place/%E5%8A%89%E5%B1%B1%E6%9D%B1%E5%B0%8F%E5%90%83%E5%BA%97/data=!4m7!3m6!1s0x3442a90cd144b5b9:0x104b15cb89d926fd!8m2!3d25.0457149!4d121.5137602!16s%2Fg%2F1tkqxzd6!19sChIJubVE0QypQjQR_SbZicsVSxA?authuser=0&hl=zh-TW&rclk=1,394,25.0457149,121.5137602
69年老店麵攤（米粉湯）,麵店,4.4,$1-200,https://www.google.com/maps/place/69%E5%B9%B4%E8%80%81%E5%BA%97%E9%BA%B5%E6%94%A4%EF%BC%88%E7%B1%B3%E7%B2%89%E6%B9%AF%EF%BC%89/data=!4m7!3m6!1s0x3442a96daf92404f:0x626b0e69dd385bb!8m2!3d25.0499484!4d121.5174724!16s%2Fg%2F1pzr_k0w9!19sChIJT0CSr22pQjQRu4XTneawJgY?authuser=0&hl=zh-TW&rclk=1,355,25.0499484,121.5174724
大師兄銷魂麵舖-K區地下街店,麵店,4.8,$200-400,https://www.google.com/maps/place/%E5%A4%A7%E5%B8%AB%E5%85%84%E9%8A%B7%E9%AD%82%E9%BA%B5%E8%88%96-K%E5%8D%80%E5%9C%B0%E4%B8%8B%E8%A1%97%E5%BA%97/data=!4m7!3m6!1s0x3442a9fd5fe18ea9:0xbc91c2797f4c0fc1!8m2!3d25.0465183!4d121.5174415!16s%2Fg%2F11lw1ptz0x!19sChIJqY7hX_2pQjQRwQ9Mf3nCkbw?authuser=0&hl=zh-TW&rclk=1,27,25.0465183,121.5174415
Y11傳統乾麵,麵店,4.4,$1-200,https://www.google.com/maps/place/Y11%E5%82%B3%E7%B5%B1%E4%B9%BE%E9%BA%B5/data=!4m7!3m6!1s0x3442a96d67ff9bb1:0x3ebc3e1e73794a13!8m2!3d25.0491176!4d121.5156377!16s%2Fg%2F11cnbnqn5_!19sChIJsZv_Z22pQjQRE0p5cx4-vD4?authuser=0&hl=zh-TW&rclk=1,322,25.0491176,121.5156377
李掌櫃功夫製麵-中山店,麵店,4.3,$200-400,https://www.google.com/maps/place/%E6%9D%8E%E6%8E%8C%E6%AB%83%E5%8A%9F%E5%A4%AB%E8%A3%BD%E9%BA%B5-%E4%B8%AD%E5%B1%B1%E5%BA%97/data=!4m7!3m6!1s0x3442a9a1a2f807d3:0xc3e89dfe20442130!8m2!3d25.0520244!4d121.5199028!16s%2Fg%2F11k45rq76y!19sChIJ0wf4oqGpQjQRMCFEIP6d6MM?authuser=0&hl=zh-TW&rclk=1,634,25.0520244,121.5199028
麵線陳專業麵線-台北車站旗艦店,麵店,4.3,$1-200,https://www.google.com/maps/place/%E9%BA%B5%E7%B7%9A%E9%99%B3%E5%B0%88%E6%A5%AD%E9%BA%B5%E7%B7%9A-%E5%8F%B0%E5%8C%97%E8%BB%8A%E7%AB%99%E6%97%97%E8%89%A6%E5%BA%97/data=!4m7!3m6!1s0x3442a963b123a631:0xa4dcd7b5778257a7!8m2!3d25.04535!4d121.5160288!16s%2Fg%2F11rfr7tz6h!19sChIJMaYjsWOpQjQRp1eCd7XX3KQ?authuser=0&hl=zh-TW&rclk=1,215,25.04535,121.5160288
正豪季水餃（忠孝西路店),水餃,4.3,$1-200,https://www.google.com/maps/place/%E6%AD%A3%E8%B1%AA%E5%AD%A3%E6%B0%B4%E9%A4%83%EF%BC%88%E5%BF%A0%E5%AD%9D%E8%A5%BF%E8%B7%AF%E5%BA%97%29/data=!4m7!3m6!1s0x3442a93faaaaaaab:0x78c7498522fb6e21!8m2!3d25.0462353!4d121.5188985!16s%2Fg%2F1tg4z394!19sChIJq6qqqj-pQjQRIW77IoVJx3g?authuser=0&hl=zh-TW&rclk=1,153,25.0462353,121.5188985
初匡水餃-手工水餃（中山市場）,水餃,4.8,$1-200,https://www.google.com/maps/place/%E5%88%9D%E5%8C%A1%E6%B0%B4%E9%A4%83-%E6%89%8B%E5%B7%A5%E6%B0%B4%E9%A4%83%EF%BC%88%E4%B8%AD%E5%B1%B1%E5%B8%82%E5%A0%B4%EF%BC%89/data=!4m7!3m6!1s0x3442a90e415a0e5f:0x767ac87a51858e14!8m2!3d25.0501537!4d121.5209298!16s%2Fg%2F11fsmww89k!19sChIJXw5aQQ6pQjQRFI6FUXrIenY?authuser=0&hl=zh-TW&rclk=1,512,25.0501537,121.5209298
蘇記餃子館,水餃,4.0,無資料,https://www.google.com/maps/place/%E8%98%87%E8%A8%98%E9%A4%83%E5%AD%90%E9%A4%A8/data=!4m7!3m6!1s0x3442a90ba114af49:0x2c87893cfd5eb0a3!8m2!3d25.0426909!4d121.5109754!16s%2Fg%2F1tp8xr2j!19sChIJSa8UoQupQjQRo7Be_TyJhyw?authuser=0&hl=zh-TW&rclk=1,798,25.0426909,121.5109754
何記手工水餃專賣店,水餃,4.1,$1-200,https://www.google.com/maps/place/%E4%BD%95%E8%A8%98%E6%89%8B%E5%B7%A5%E6%B0%B4%E9%A4%83%E5%B0%88%E8%B3%A3%E5%BA%97/data=!4m7!3m6!1s0x3442a9777aeb52cf:0x292ec13b9666b6a!8m2!3d25.043959!4d121.5166607!16s%2Fg%2F11fwdc1yb1!19sChIJz1LrenepQjQRamtmuRPskgI?authuser=0&hl=zh-TW&rclk=1,322,25.043959,121.5166607
祥記水餃,水餃,4.2,$1-200,https://www.google.com/maps/place/%E7%A5%A5%E8%A8%98%E6%B0%B4%E9%A4%83/data=!4m7!3m6!1s0x3442a9ef33d969a7:0x8d0bdfe204729f71!8m2!3d25.0446573!4d121.5122233!16s%2Fg%2F11j2v02jgh!19sChIJp2nZM--pQjQRcZ9yBOLfC40?authuser=0&hl=zh-TW&rclk=1,580,25.0446573,121.5122233
食輝味蕾FOODSTOP 餃子•飯麵•好菜,水餃,4.0,$1-200,https://www.google.com/maps/place/%E9%A3%9F%E8%BC%9D%E5%91%B3%E8%95%BEFOODSTOP+%E9%A4%83%E5%AD%90%E2%80%A2%E9%A3%AF%E9%BA%B5%E2%80%A2%E5%A5%BD%E8%8F%9C/data=!4m7!3m6!1s0x3442a99e74f2ea85:0xf7f3f02f6b3051e5!8m2!3d25.0442429!4d121.5103112!16s%2Fg%2F11tsjt_9zg!19sChIJherydJ6pQjQR5VEway_w8_c?authuser=0&hl=zh-TW&rclk=1,776,25.0442429,121.5103112
餃匠 Gyoza,水餃,3.5,$1-200,https://www.google.com/maps/place/%E9%A4%83%E5%8C%A0+Gyoza/data=!4m7!3m6!1s0x3442a92ef58db5c3:0x6ab49d7e971febf0!8m2!3d25.0441067!4d121.5162094!16s%2Fg%2F11sqksx6fq!19sChIJw7WN9S6pQjQR8Osfl36dtGo?authuser=0&hl=zh-TW&rclk=1,322,25.0441067,121.5162094
偵鎂水餃,水餃,4.0,$1-200,https://www.google.com/maps/place/%E5%81%B5%E9%8E%82%E6%B0%B4%E9%A4%83/data=!4m7!3m6!1s0x3442a96e8cdd037b:0x7b1db7f9bc3ab0c3!8m2!3d25.0504277!4d121.5211474!16s%2Fg%2F11dxmhnzd_!19sChIJewPdjG6pQjQRw7A6vPm3HXs?authuser=0&hl=zh-TW&rclk=1,549,25.0504277,121.5211474
珍珍水餃,水餃,3.7,$1-200,https://www.google.com/maps/place/%E7%8F%8D%E7%8F%8D%E6%B0%B4%E9%A4%83/data=!4m7!3m6!1s0x3442a96d3da3a58b:0xcc5ce4ee87ec27d7!8m2!3d25.0503344!4d121.5154811!16s%2Fg%2F11cn8s8ys2!19sChIJi6WjPW2pQjQR1yfsh-7kXMw?authuser=0&hl=zh-TW&rclk=1,446,25.0503344,121.5154811
富宴精緻粵菜港式飲茶,港式,4.6,無資料,https://www.google.com/maps/place/%E5%AF%8C%E5%AE%B4%E7%B2%BE%E7%B7%BB%E7%B2%B5%E8%8F%9C%E6%B8%AF%E5%BC%8F%E9%A3%B2%E8%8C%B6/data=!4m7!3m6!1s0x3442a96b8bd3f9bb:0xd091eb9103ca3ef!8m2!3d25.0461178!4d121.5151736!16s%2Fg%2F11ry6hg36d!19sChIJu_nTi2upQjQR76M8ELkeCQ0?authuser=0&hl=zh-TW&rclk=1,245,25.0461178,121.5151736
享點港式飲茶｜推薦養茶 點心餐廳｜人氣下午茶美食 家庭聚餐,港式,4.3,$400-600,https://www.google.com/maps/place/%E4%BA%AB%E9%BB%9E%E6%B8%AF%E5%BC%8F%E9%A3%B2%E8%8C%B6%EF%BD%9C%E6%8E%A8%E8%96%A6%E9%A4%8A%E8%8C%B6+%E9%BB%9E%E5%BF%83%E9%A4%90%E5%BB%B3%EF%BD%9C%E4%BA%BA%E6%B0%A3%E4%B8%8B%E5%8D%88%E8%8C%B6%E7%BE%8E%E9%A3%9F+%E5%AE%B6%E5%BA%AD%E8%81%9A%E9%A4%90/data=!4m7!3m6!1s0x3442a9000d26aced:0x3d31c6ccf2e24bf1!8m2!3d25.0494729!4d121.5226251!16s%2Fg%2F11m6hqf5jt!19sChIJ7awmDQCpQjQR8Uvi8szGMT0?authuser=0&hl=zh-TW&rclk=1,598,25.0494729,121.5226251
御珍軒,港式,4.5,$400-600,https://www.google.com/maps/place/%E5%BE%A1%E7%8F%8D%E8%BB%92/data=!4m7!3m6!1s0x3442a9acf36d63cf:0xe0b444f107770ed9!8m2!3d25.051991!4d121.513822!16s%2Fg%2F11v9mkqf8q!19sChIJz2Nt86ypQjQR2Q53B_FEtOA?authuser=0&hl=zh-TW&rclk=1,690,25.051991,121.513822
焗饌港式焗飯專賣店,港式,4.9,$1-200,https://www.google.com/maps/place/%E7%84%97%E9%A5%8C%E6%B8%AF%E5%BC%8F%E7%84%97%E9%A3%AF%E5%B0%88%E8%B3%A3%E5%BA%97/data=!4m7!3m6!1s0x3442a900722cf917:0x8a9a9e68b99cff29!8m2!3d25.0424306!4d121.5138501!16s%2Fg%2F11w3my62jj!19sChIJF_kscgCpQjQRKf-cuWiemoo?authuser=0&hl=zh-TW&rclk=1,605,25.0424306,121.5138501
檀島香港餐廳_南西店,港式,4.1,$400-600,https://www.google.com/maps/place/%E6%AA%80%E5%B3%B6%E9%A6%99%E6%B8%AF%E9%A4%90%E5%BB%B3_%E5%8D%97%E8%A5%BF%E5%BA%97/data=!4m7!3m6!1s0x3442a9cdbcbd52af:0x595d8301dc85e13c!8m2!3d25.0523201!4d121.5210989!16s%2Fg%2F11g4jj3202!19sChIJr1K9vM2pQjQRPOGF3AGDXVk?authuser=0&hl=zh-TW&rclk=1,717,25.0523201,121.5210989
茗香園冰室 - 中山店,港式,3.2,$200-400,https://www.google.com/maps/place/%E8%8C%97%E9%A6%99%E5%9C%92%E5%86%B0%E5%AE%A4+-+%E4%B8%AD%E5%B1%B1%E5%BA%97/data=!4m7!3m6!1s0x3442a96e9dbfac11:0x3fdf6d1b5b5eefd2!8m2!3d25.0518962!4d121.5200842!16s%2Fg%2F11bzwnrr99!19sChIJEay_nW6pQjQR0u9eWxtt3z8?authuser=0&hl=zh-TW&rclk=1,628,25.0518962,121.5200842
台北喜來登大飯店－辰園 The Dragon,港式,4.4,無資料,https://www.google.com/maps/place/%E5%8F%B0%E5%8C%97%E5%96%9C%E4%BE%86%E7%99%BB%E5%A4%A7%E9%A3%AF%E5%BA%97%EF%BC%8D%E8%BE%B0%E5%9C%92+The+Dragon/data=!4m7!3m6!1s0x3442a971b0535025:0x8c685a757aa9686d!8m2!3d25.0447021!4d121.5219894!16s%2Fg%2F1hc2thzkc!19sChIJJVBTsHGpQjQRbWipenVaaIw?authuser=0&hl=zh-TW&rclk=1,507,25.0447021,121.5219894
好味港式快餐,港式,4.0,$1-200,https://www.google.com/maps/place/%E5%A5%BD%E5%91%B3%E6%B8%AF%E5%BC%8F%E5%BF%AB%E9%A4%90/data=!4m7!3m6!1s0x3442a9732d660a77:0xfbb07194b765bf7c!8m2!3d25.045545!4d121.5142561!16s%2Fg%2F1th5xhcq!19sChIJdwpmLXOpQjQRfL9lt5RxsPs?authuser=0&hl=zh-TW&rclk=1,353,25.045545,121.5142561
點點心台灣 微風台北車站店,港式,4.1,$400-600,https://www.google.com/maps/place/%E9%BB%9E%E9%BB%9E%E5%BF%83%E5%8F%B0%E7%81%A3+%E5%BE%AE%E9%A2%A8%E5%8F%B0%E5%8C%97%E8%BB%8A%E7%AB%99%E5%BA%97/data=!4m7!3m6!1s0x3442a9727dfb4a2b:0x1b587fb07b0b07e9!8m2!3d25.0473866!4d121.5167338!16s%2Fg%2F11c27gt7d4!19sChIJK0r7fXKpQjQR6QcLe7B_WBs?authuser=0&hl=zh-TW&rclk=1,104,25.0473866,121.5167338
蘇杭餐廳 濟南店,中式,4.3,無資料,https://www.google.com/maps/place/%E8%98%87%E6%9D%AD%E9%A4%90%E5%BB%B3+%E6%BF%9F%E5%8D%97%E5%BA%97/data=!4m7!3m6!1s0x3442a973e3080327:0x29578a79be9208c3!8m2!3d25.043022!4d121.519646!16s%2Fg%2F1tgz350t!19sChIJJwMI43OpQjQRwwiSvnmKVyk?authuser=0&hl=zh-TW&rclk=1,469,25.043022,121.519646
珍品小館,中式,4.2,$400-600,https://www.google.com/maps/place/%E7%8F%8D%E5%93%81%E5%B0%8F%E9%A4%A8/data=!4m7!3m6!1s0x3442a97103d80c47:0xc7ff745e76b69f98!8m2!3d25.044244!4d121.5223591!16s%2Fg%2F12jlfl5q_!19sChIJRwzYA3GpQjQRmJ-2dl50_8c?authuser=0&hl=zh-TW&rclk=1,564,25.044244,121.5223591
點水樓 懷寧店,中式,4.0,無資料,https://www.google.com/maps/place/%E9%BB%9E%E6%B0%B4%E6%A8%93+%E6%87%B7%E5%AF%A7%E5%BA%97/data=!4m7!3m6!1s0x3442a90cac87544f:0x6a8aee9cae928a91!8m2!3d25.0439535!4d121.5139994!16s%2Fg%2F1tfg9ydd!19sChIJT1SHrAypQjQRkYqSrpzuimo?authuser=0&hl=zh-TW&rclk=1,470,25.0439535,121.5139994
華承軒 麵館,中式,4.7,$200-400,https://www.google.com/maps/place/%E8%8F%AF%E6%89%BF%E8%BB%92+%E9%BA%B5%E9%A4%A8/data=!4m7!3m6!1s0x3442a950b9c5bb9d:0xe7a756ddadf22068!8m2!3d25.0513508!4d121.5220786!16s%2Fg%2F11mm2_mrjc!19sChIJnbvFuVCpQjQRaCDyrd1Wp-c?authuser=0&hl=zh-TW&rclk=1,688,25.0513508,121.5220786
鼎富樓餐廳,中式,4.0,無資料,https://www.google.com/maps/place/%E9%BC%8E%E5%AF%8C%E6%A8%93%E9%A4%90%E5%BB%B3/data=!4m7!3m6!1s0x3442a90ca507e251:0x9a3e852b1473424c!8m2!3d25.0441669!4d121.513528!16s%2Fg%2F1tk_gdll!19sChIJUeIHpQypQjQRTEJzFCuFPpo?authuser=0&hl=zh-TW&rclk=1,493,25.0441669,121.513528
雙月食品社 青島店,中式,4.8,$200-400,https://www.google.com/maps/place/%E9%9B%99%E6%9C%88%E9%A3%9F%E5%93%81%E7%A4%BE+%E9%9D%92%E5%B3%B6%E5%BA%97/data=!4m7!3m6!1s0x3442a9710f1fbb81:0x54758a6d3b593eef!8m2!3d25.0437017!4d121.5220376!16s%2Fg%2F11xdvj852!19sChIJgbsfD3GpQjQR7z5ZO22KdVQ?authuser=0&hl=zh-TW&rclk=1,570,25.0437017,121.5220376
天廚菜館,中式,4.1,無資料,https://www.google.com/maps/place/%E5%A4%A9%E5%BB%9A%E8%8F%9C%E9%A4%A8/data=!4m7!3m6!1s0x3442a9692da5ca91:0x27dd51007b0ac50d!8m2!3d25.0525!4d121.5219444!16s%2Fg%2F1v41y47j!19sChIJkcqlLWmpQjQRDcUKewBR3Sc?authuser=0&hl=zh-TW&rclk=1,780,25.0525,121.5219444
台北喜來登大飯店－請客樓,中式,4.4,"超過 $2,000",https://www.google.com/maps/place/%E5%8F%B0%E5%8C%97%E5%96%9C%E4%BE%86%E7%99%BB%E5%A4%A7%E9%A3%AF%E5%BA%97%EF%BC%8D%E8%AB%8B%E5%AE%A2%E6%A8%93/data=!4m7!3m6!1s0x3442a971b0535025:0xf25cf38df8f13bba!8m2!3d25.044655!4d121.5217022!16s%2Fg%2F1hc4mlszb!19sChIJJVBTsHGpQjQRujvx-I3zXPI?authuser=0&hl=zh-TW&rclk=1,484,25.044655,121.5217022
六堆伙房 中山南西店,中式,4.2,$200-400,https://www.google.com/maps/place/%E5%85%AD%E5%A0%86%E4%BC%99%E6%88%BF+%E4%B8%AD%E5%B1%B1%E5%8D%97%E8%A5%BF%E5%BA%97/data=!4m7!3m6!1s0x3442a9692eccac95:0x247fb6f11c21bb78!8m2!3d25.0524457!4d121.5221961!16s%2Fg%2F11b6cq585_!19sChIJlazMLmmpQjQReLshHPG2fyQ?authuser=0&hl=zh-TW&rclk=1,790,25.0524457,121.5221961
上海極品軒餐廳,中式,4.1,無資料,https://www.google.com/maps/place/%E4%B8%8A%E6%B5%B7%E6%A5%B5%E5%93%81%E8%BB%92%E9%A4%90%E5%BB%B3/data=!4m7!3m6!1s0x3442a90b3792cfff:0x12ad07c7528ef591!8m2!3d25.042206!4d121.513512!16s%2Fg%2F11bw46mw9j!19sChIJ_8-SNwupQjQRkfWOUscHrRI?authuser=0&hl=zh-TW&rclk=1,646,25.042206,121.513512
新胡同魚菜餐廳,中式,4.3,無資料,https://www.google.com/maps/place/%E6%96%B0%E8%83%A1%E5%90%8C%E9%AD%9A%E8%8F%9C%E9%A4%90%E5%BB%B3/data=!4m7!3m6!1s0x3442a96f1354e6cd:0x80452a5378199aef!8m2!3d25.0500644!4d121.5241463!16s%2Fg%2F11h8wr5zg9!19sChIJzeZUE2-pQjQR75oZeFMqRYA?authuser=0&hl=zh-TW&rclk=1,764,25.0500644,121.5241463
台北東一排骨總店,中式,4.2,$1-200,https://www.google.com/maps/place/%E5%8F%B0%E5%8C%97%E6%9D%B1%E4%B8%80%E6%8E%92%E9%AA%A8%E7%B8%BD%E5%BA%97/data=!4m7!3m6!1s0x3442a9727e33867f:0x1d4371b37ee7bd96!8m2!3d25.0445204!4d121.5103876!16s%2Fg%2F1vlqmxys!19sChIJf4YzfnKpQjQRlr3nfrNxQx0?authuser=0&hl=zh-TW&rclk=1,758,25.0445204,121.5103876
忠青商行 微風台北車站店,中式,4.3,$200-400,https://www.google.com/maps/place/%E5%BF%A0%E9%9D%92%E5%95%86%E8%A1%8C+%E5%BE%AE%E9%A2%A8%E5%8F%B0%E5%8C%97%E8%BB%8A%E7%AB%99%E5%BA%97/data=!4m7!3m6!1s0x3442a9d886e2f0b1:0xfbc8af752a2075be!8m2!3d25.0477467!4d121.5169983!16s%2Fg%2F11k3_zxby3!19sChIJsfDihtipQjQRvnUgKnWvyPs?authuser=0&hl=zh-TW&rclk=1,121,25.0477467,121.5169983
阿婆狀元糕 #傳統小吃 #現點現做,小吃,4.9,$1-200,https://www.google.com/maps/place/%E9%98%BF%E5%A9%86%E7%8B%80%E5%85%83%E7%B3%95+%23%E5%82%B3%E7%B5%B1%E5%B0%8F%E5%90%83+%23%E7%8F%BE%E9%BB%9E%E7%8F%BE%E5%81%9A/data=!4m7!3m6!1s0x3442a9be6f944321:0x222195fdf44f8c8b!8m2!3d25.0451337!4d121.5139174!16s%2Fg%2F11ty6n5gwq!19sChIJIUOUb76pQjQRi4xP9P2VISI?authuser=0&hl=zh-TW&rclk=1,403,25.0451337,121.5139174
城中美食,小吃,4.0,$1-200,https://www.google.com/maps/place/%E5%9F%8E%E4%B8%AD%E7%BE%8E%E9%A3%9F/data=!4m7!3m6!1s0x3442a90c9c7ab97f:0xa4f6f11b90f3dae6!8m2!3d25.044229!4d121.512239!16s%2Fg%2F11gzfv696!19sChIJf7l6nAypQjQR5trzkBvx9qQ?authuser=0&hl=zh-TW&rclk=1,600,25.044229,121.512239
大狗麵線（南陽店）,小吃,4.1,$1-200,https://www.google.com/maps/place/%E5%A4%A7%E7%8B%97%E9%BA%B5%E7%B7%9A%EF%BC%88%E5%8D%97%E9%99%BD%E5%BA%97%EF%BC%89/data=!4m7!3m6!1s0x3442a9731070b911:0x7092f385e89a2f89!8m2!3d25.044976!4d121.516174!16s%2Fg%2F11bxb94ytj!19sChIJEblwEHOpQjQRiS-a6IXzknA?authuser=0&hl=zh-TW&rclk=1,239,25.044976,121.516174
阿昌麵線,小吃,3.8,$1-200,https://www.google.com/maps/place/%E9%98%BF%E6%98%8C%E9%BA%B5%E7%B7%9A/data=!4m7!3m6!1s0x3442a9731ce1bcb9:0xa6eaf196927130e8!8m2!3d25.0454437!4d121.5162694!16s%2Fg%2F1tfhd38h!19sChIJubzhHHOpQjQR6DBxkpbx6qY?authuser=0&hl=zh-TW&rclk=1,191,25.0454437,121.5162694
劉師傅客家粄條,小吃,4.1,$1-200,https://www.google.com/maps/place/%E5%8A%89%E5%B8%AB%E5%82%85%E5%AE%A2%E5%AE%B6%E7%B2%84%E6%A2%9D/data=!4m7!3m6!1s0x3442a90b5623a1c7:0x6839a82e6144b1b9!8m2!3d25.0435619!4d121.513699!16s%2Fg%2F1tfqz3b8!19sChIJx6EjVgupQjQRubFEYS6oOWg?authuser=0&hl=zh-TW&rclk=1,522,25.0435619,121.513699
阿桂的店,小吃,3.9,$1-200,https://www.google.com/maps/place/%E9%98%BF%E6%A1%82%E7%9A%84%E5%BA%97/data=!4m7!3m6!1s0x3442a90cbb54d0b3:0xceccb758025a3527!8m2!3d25.0444!4d121.513112!16s%2Fg%2F1tgw2qyb!19sChIJs9BUuwypQjQRJzVaAli3zM4?authuser=0&hl=zh-TW&rclk=1,514,25.0444,121.513112
永豐福州麵,小吃,3.9,$1-200,https://www.google.com/maps/place/%E6%B0%B8%E8%B1%90%E7%A6%8F%E5%B7%9E%E9%BA%B5/data=!4m7!3m6!1s0x3442a97306ca7561:0xf5858ec2815ae732!8m2!3d25.0451194!4d121.5163365!16s%2Fg%2F11xlyzvqt!19sChIJYXXKBnOpQjQRMudagcKOhfU?authuser=0&hl=zh-TW&rclk=1,216,25.0451194,121.5163365
小吃店,小吃,3.5,$1-200,https://www.google.com/maps/place/%E5%B0%8F%E5%90%83%E5%BA%97/data=!4m7!3m6!1s0x3442a93b4fd90f93:0xb823a814d077262e!8m2!3d25.0454432!4d121.5163986!16s%2Fg%2F11s6q2qrv8!19sChIJkw_ZTzupQjQRLiZ30BSoI7g?authuser=0&hl=zh-TW&rclk=1,183,25.0454432,121.5163986
勇伯小吃店,小吃,4.2,$1-200,https://www.google.com/maps/place/%E5%8B%87%E4%BC%AF%E5%B0%8F%E5%90%83%E5%BA%97/data=!4m7!3m6!1s0x3442a96dd2419a77:0x46e5c80059c75b76!8m2!3d25.0499664!4d121.5192716!16s%2Fg%2F11cmydpkq_!19sChIJd5pB0m2pQjQRdlvHWQDI5UY?authuser=0&hl=zh-TW&rclk=1,399,25.0499664,121.5192716
清泉小吃 襄陽店 Ching Chuan LuRoFun,小吃,3.8,$1-200,https://www.google.com/maps/place/%E6%B8%85%E6%B3%89%E5%B0%8F%E5%90%83+%E8%A5%84%E9%99%BD%E5%BA%97+Ching+Chuan+LuRoFun/data=!4m7!3m6!1s0x3442a93abbfe1cab:0x6d9cd67c5aecf9ab!8m2!3d25.0433113!4d121.513884!16s%2Fg%2F11ycl5dj73!19sChIJqxz-uzqpQjQRq_nsWnzWnG0?authuser=0&hl=zh-TW&rclk=1,528,25.0433113,121.513884
德克士脆皮炸雞-台北重慶南店,速食,4.4,$1-200,https://www.google.com/maps/place/%E5%BE%B7%E5%85%8B%E5%A3%AB%E8%84%86%E7%9A%AE%E7%82%B8%E9%9B%9E-%E5%8F%B0%E5%8C%97%E9%87%8D%E6%85%B6%E5%8D%97%E5%BA%97/data=!4m7!3m6!1s0x3442a9984151543f:0xe370ab58e63ffa43!8m2!3d25.042622!4d121.513072!16s%2Fg%2F11n62k2644!19sChIJP1RRQZipQjQRQ_o_5lircOM?authuser=0&hl=zh-TW&rclk=1,640,25.042622,121.513072
Popeyes Chicken 台北許昌店,速食,4.4,$200-400,https://www.google.com/maps/place/Popeyes+Chicken+%E5%8F%B0%E5%8C%97%E8%A8%B1%E6%98%8C%E5%BA%97/data=!4m7!3m6!1s0x3442a90020a5c0e3:0x2539f66b28d85709!8m2!3d25.0454166!4d121.5158347!16s%2Fg%2F11y4ltp9zj!19sChIJ48ClIACpQjQRCVfYKGv2OSU?authuser=0&hl=zh-TW&rclk=1,224,25.0454166,121.5158347
漢堡王 微風北車店,速食,3.8,$1-200,https://www.google.com/maps/place/%E6%BC%A2%E5%A0%A1%E7%8E%8B+%E5%BE%AE%E9%A2%A8%E5%8C%97%E8%BB%8A%E5%BA%97/data=!4m7!3m6!1s0x3442a90b5f35dfbb:0x42a867ee6fd526c1!8m2!3d25.0475868!4d121.5165832!16s%2Fg%2F1hc9wfl3v!19sChIJu981XwupQjQRwSbVb-5nqEI?authuser=0&hl=zh-TW&rclk=1,130,25.0475868,121.5165832
麥當勞-林森二餐廳,速食,4.0,$1-200,https://www.google.com/maps/place/%E9%BA%A5%E7%95%B6%E5%8B%9E-%E6%9E%97%E6%A3%AE%E4%BA%8C%E9%A4%90%E5%BB%B3/data=!4m7!3m6!1s0x3442a97370e28ef9:0x577f5d22086758de!8m2!3d25.0444427!4d121.523396!16s%2Fg%2F12hl0dt4v!19sChIJ-Y7icHOpQjQR3lhnCCJdf1c?authuser=0&hl=zh-TW&rclk=1,648,25.0444427,121.523396
麥當勞,速食,3.7,$1-200,https://www.google.com/maps/place/%E9%BA%A5%E7%95%B6%E5%8B%9E/data=!4m7!3m6!1s0x3442a96d01f6e427:0x3effbee7a9d60518!8m2!3d25.050828!4d121.5167894!16s%2Fg%2F1td0w4yv!19sChIJJ-T2AW2pQjQRGAXWqee-_z4?authuser=0&hl=zh-TW&rclk=1,458,25.050828,121.5167894
麥當勞-台北公園餐廳,速食,3.9,$1-200,https://www.google.com/maps/place/%E9%BA%A5%E7%95%B6%E5%8B%9E-%E5%8F%B0%E5%8C%97%E5%85%AC%E5%9C%92%E9%A4%90%E5%BB%B3/data=!4m7!3m6!1s0x3442a97370e28ef9:0xe118041671b1c0c4!8m2!3d25.0445611!4d121.5168731!16s%2Fg%2F1tm27csw!19sChIJ-Y7icHOpQjQRxMCxcRYEGOE?authuser=0&hl=zh-TW&rclk=1,252,25.0445611,121.5168731
麥當勞-台北館前餐廳,速食,3.8,$1-200,https://www.google.com/maps/place/%E9%BA%A5%E7%95%B6%E5%8B%9E-%E5%8F%B0%E5%8C%97%E9%A4%A8%E5%89%8D%E9%A4%90%E5%BB%B3/data=!4m7!3m6!1s0x3442a97370e28ef9:0xf1f9b84a76fe24df!8m2!3d25.0458982!4d121.5148851!16s%2Fg%2F12hr4x4w8!19sChIJ-Y7icHOpQjQR3yT-dkq4-fE?authuser=0&hl=zh-TW&rclk=1,280,25.0458982,121.5148851
Potato Corner 台北京站店,速食,4.6,$1-200,https://www.google.com/maps/place/Potato+Corner+%E5%8F%B0%E5%8C%97%E4%BA%AC%E7%AB%99%E5%BA%97/data=!4m7!3m6!1s0x3442a90053a95823:0x4260648ef0b72b95!8m2!3d25.0490748!4d121.5182948!16s%2Fg%2F11ml4l4k8c!19sChIJI1ipUwCpQjQRlSu38I5kYEI?authuser=0&hl=zh-TW&rclk=1,270,25.0490748,121.5182948
麥當勞,速食,2.8,$1-200,https://www.google.com/maps/place/%E9%BA%A5%E7%95%B6%E5%8B%9E/data=!4m7!3m6!1s0x3442a9727dfb4a2b:0xd1063d3520eb534c!8m2!3d25.048055!4d121.5176563!16s%2Fg%2F11ckxxgs98!19sChIJK0r7fXKpQjQRTFPrIDU9BtE?authuser=0&hl=zh-TW&rclk=1,145,25.048055,121.5176563
米個人燒肉（北車站前店）,速食,4.8,$400-600,https://www.google.com/maps/place/%E7%B1%B3%E5%80%8B%E4%BA%BA%E7%87%92%E8%82%89%EF%BC%88%E5%8C%97%E8%BB%8A%E7%AB%99%E5%89%8D%E5%BA%97%EF%BC%89/data=!4m7!3m6!1s0x3442a7f1c3e62435:0x6fc9d195b41ebbb4!8m2!3d25.045382!4d121.5156256!16s%2Fg%2F11l5m309lx!19sChIJNSTmw_GnQjQRtLsetJXRyW8?authuser=0&hl=zh-TW&rclk=1,243,25.045382,121.5156256
頂呱呱北車微風店,速食,2.8,$1-200,https://www.google.com/maps/place/%E9%A0%82%E5%91%B1%E5%91%B1%E5%8C%97%E8%BB%8A%E5%BE%AE%E9%A2%A8%E5%BA%97/data=!4m7!3m6!1s0x3442a912f764d2e5:0xe01cafc108aed365!8m2!3d25.0477484!4d121.5170789!16s%2Fg%2F11y6_q21g0!19sChIJ5dJk9xKpQjQRZdOuCMGvHOA?authuser=0&hl=zh-TW&rclk=1,118,25.0477484,121.5170789
肯德基 台北承德餐廳,速食,3.5,$1-200,https://www.google.com/maps/place/%E8%82%AF%E5%BE%B7%E5%9F%BA+%E5%8F%B0%E5%8C%97%E6%89%BF%E5%BE%B7%E9%A4%90%E5%BB%B3/data=!4m7!3m6!1s0x3442a96d01d0a229:0xbc6deb34f56b1e37!8m2!3d25.0508638!4d121.5167227!16s%2Fg%2F11cfcrl7m!19sChIJKaLQAW2pQjQRNx5r9TTrbbw?authuser=0&hl=zh-TW&rclk=1,463,25.0508638,121.5167227
SUBWAY 重慶衡陽店,速食,3.6,$1-200,https://www.google.com/maps/place/SUBWAY+%E9%87%8D%E6%85%B6%E8%A1%A1%E9%99%BD%E5%BA%97/data=!4m7!3m6!1s0x3442a90b3fec9bc3:0xb3ac6fc2dd0271d6!8m2!3d25.0424381!4d121.5129095!16s%2Fg%2F11cn30fl4v!19sChIJw5vsPwupQjQR1nEC3cJvrLM?authuser=0&hl=zh-TW&rclk=1,667,25.0424381,121.5129095
butcher jr. by lanpengyou 中山,速食,4.1,$200-400,https://www.google.com/maps/place/butcher+jr.+by+lanpengyou+%E4%B8%AD%E5%B1%B1/data=!4m7!3m6!1s0x3442a9fa0d2cfc7b:0xae9008e8e6f63041!8m2!3d25.0513939!4d121.5217589!16s%2Fg%2F11pf2m00gm!19sChIJe_wsDfqpQjQRQTD25ugIkK4?authuser=0&hl=zh-TW&rclk=1,671,25.0513939,121.5217589
DOUBLE SINGLE,速食,4.4,$400-600,https://www.google.com/maps/place/DOUBLE+SINGLE/data=!4m7!3m6!1s0x3442a9686ac0807b:0x6b85980d2de78a89!8m2!3d25.050794!4d121.520097!16s%2Fg%2F11pthx8lhj!19sChIJe4DAamipQjQRiYrnLQ2YhWs?authuser=0&hl=zh-TW&rclk=1,520,25.050794,121.520097
翡冷翠義式餐廳,義式,4.6,$400-600,https://www.google.com/maps/place/%E7%BF%A1%E5%86%B7%E7%BF%A0%E7%BE%A9%E5%BC%8F%E9%A4%90%E5%BB%B3/data=!4m7!3m6!1s0x3442a97333a64a31:0x7084b547d101a94c!8m2!3d25.0452935!4d121.514443!16s%2Fg%2F11c1qkmj1m!19sChIJMUqmM3OpQjQRTKkB0Ue1hHA?authuser=0&hl=zh-TW&rclk=1,348,25.0452935,121.514443
洋朵義式廚坊-重慶店,義式,4.6,$200-400,https://www.google.com/maps/place/%E6%B4%8B%E6%9C%B5%E7%BE%A9%E5%BC%8F%E5%BB%9A%E5%9D%8A-%E9%87%8D%E6%85%B6%E5%BA%97/data=!4m7!3m6!1s0x3442a90ca507e3bb:0x803939ffa227dbed!8m2!3d25.0442063!4d121.5133685!16s%2Fg%2F12m9dpz5x!19sChIJu-MHpQypQjQR7dsnov85OYA?authuser=0&hl=zh-TW&rclk=1,503,25.0442063,121.5133685
First One Bistro 佛斯特旺餐酒館（南西中山站義式餐廳）,義式,4.5,$400-600,https://www.google.com/maps/place/First+One+Bistro+%E4%BD%9B%E6%96%AF%E7%89%B9%E6%97%BA%E9%A4%90%E9%85%92%E9%A4%A8%EF%BC%88%E5%8D%97%E8%A5%BF%E4%B8%AD%E5%B1%B1%E7%AB%99%E7%BE%A9%E5%BC%8F%E9%A4%90%E5%BB%B3%EF%BC%89/data=!4m7!3m6!1s0x3442a96c1d29549d:0xac6e4019a5fe489f!8m2!3d25.052079!4d121.519724!16s%2Fg%2F11b8v9b0fb!19sChIJnVQpHWypQjQRn0j-pRlAbqw?authuser=0&hl=zh-TW&rclk=1,633,25.052079,121.519724
WOWffizi Cafe&Bistro 烏菲茲餐酒館 | 義大利麵 | 燉飯 | 中山站美食 | 丁骨牛排 | 義大利甜點 | 精釀啤酒 | 葡萄酒 | 威士忌,義式,4.6,$400-600,https://www.google.com/maps/place/WOWffizi+Cafe%26Bistro+%E7%83%8F%E8%8F%B2%E8%8C%B2%E9%A4%90%E9%85%92%E9%A4%A8+%7C+%E7%BE%A9%E5%A4%A7%E5%88%A9%E9%BA%B5+%7C+%E7%87%89%E9%A3%AF+%7C+%E4%B8%AD%E5%B1%B1%E7%AB%99%E7%BE%8E%E9%A3%9F+%7C+%E4%B8%81%E9%AA%A8%E7%89%9B%E6%8E%92+%7C+%E7%BE%A9%E5%A4%A7%E5%88%A9%E7%94%9C%E9%BB%9E+%7C+%E7%B2%BE%E9%87%80%E5%95%A4%E9%85%92+%7C+%E8%91%A1%E8%90%84%E9%85%92+%7C+%E5%A8%81%E5%A3%AB%E5%BF%8C/data=!4m7!3m6!1s0x3442a96c026ecc07:0x7c80c465f220376b!8m2!3d25.052325!4d121.519806!16s%2Fg%2F11b778y328!19sChIJB8xuAmypQjQRazcg8mXEgHw?authuser=0&hl=zh-TW&rclk=1,661,25.052325,121.519806
艾隆義式麵食館(北車店),義式,4.7,$1-200,https://www.google.com/maps/place/%E8%89%BE%E9%9A%86%E7%BE%A9%E5%BC%8F%E9%BA%B5%E9%A3%9F%E9%A4%A8%28%E5%8C%97%E8%BB%8A%E5%BA%97%29/data=!4m7!3m6!1s0x3442a9d01c9e454f:0xbb6f172861cc6c0d!8m2!3d25.0454631!4d121.5164095!16s%2Fg%2F11h4fj30b0!19sChIJT0WeHNCpQjQRDWzMYSgXb7s?authuser=0&hl=zh-TW&rclk=1,181,25.0454631,121.5164095
best義pasta食堂,義式,4.2,$200-400,https://www.google.com/maps/place/best%E7%BE%A9pasta%E9%A3%9F%E5%A0%82/data=!4m7!3m6!1s0x3442a98ab23013e1:0x1c8ec0e9b5506a9d!8m2!3d25.0453402!4d121.5161604!16s%2Fg%2F11hbgst8c8!19sChIJ4RMwsoqpQjQRnWpQtenAjhw?authuser=0&hl=zh-TW&rclk=1,207,25.0453402,121.5161604
Cloud 9 Cafe 中山,義式,4.5,$200-400,https://www.google.com/maps/place/Cloud+9+Cafe+%E4%B8%AD%E5%B1%B1/data=!4m7!3m6!1s0x3442abda00c1d059:0x2540800ea1aa6202!8m2!3d25.0535939!4d121.5187931!16s%2Fg%2F11b7w7tdm_!19sChIJWdDBANqrQjQRAmKqoQ6AQCU?authuser=0&hl=zh-TW&rclk=1,771,25.0535939,121.5187931
台北喜來登大飯店－比薩屋 Pizza Pub,義式,4.2,無資料,https://www.google.com/maps/place/%E5%8F%B0%E5%8C%97%E5%96%9C%E4%BE%86%E7%99%BB%E5%A4%A7%E9%A3%AF%E5%BA%97%EF%BC%8D%E6%AF%94%E8%96%A9%E5%B1%8B+Pizza+Pub/data=!4m7!3m6!1s0x3442a971b06b9889:0x3698a1e2ff45c46e!8m2!3d25.044576!4d121.5224941!16s%2Fg%2F12619frdz!19sChIJiZhrsHGpQjQRbsRF_-KhmDY?authuser=0&hl=zh-TW&rclk=1,559,25.044576,121.5224941
螺絲瑪莉義麵坊,義式,4.3,$200-400,https://www.google.com/maps/place/%E8%9E%BA%E7%B5%B2%E7%91%AA%E8%8E%89%E7%BE%A9%E9%BA%B5%E5%9D%8A/data=!4m7!3m6!1s0x3442a96ecfb8d8e9:0xf503efc07900e40e!8m2!3d25.0517642!4d121.5219695!16s%2Fg%2F11btvwj8yg!19sChIJ6di4z26pQjQRDuQAecDvA_U?authuser=0&hl=zh-TW&rclk=1,716,25.0517642,121.5219695
Engolili 英格莉莉 (微風北車),義式,4.4,$400-600,https://www.google.com/maps/place/Engolili+%E8%8B%B1%E6%A0%BC%E8%8E%89%E8%8E%89+%28%E5%BE%AE%E9%A2%A8%E5%8C%97%E8%BB%8A%29/data=!4m7!3m6!1s0x3442a91179e24ee3:0xb8a812814acaf323!8m2!3d25.0473866!4d121.5167338!16s%2Fg%2F11nyqfkd_d!19sChIJ407ieRGpQjQRI_PKSoESqLg?authuser=0&hl=zh-TW&rclk=1,104,25.0473866,121.5167338
Su義式蔬食 Vegetarian Deli 台北站前店,義式,1.0,無資料,https://www.google.com/maps/place/Su%E7%BE%A9%E5%BC%8F%E8%94%AC%E9%A3%9F+Vegetarian+Deli+%E5%8F%B0%E5%8C%97%E7%AB%99%E5%89%8D%E5%BA%97/data=!4m7!3m6!1s0x3442a90029734857:0x799f150334702a82!8m2!3d25.0465352!4d121.5141149!16s%2Fg%2F11myt8l_sm!19sChIJV0hzKQCpQjQRgipwNAMVn3k?authuser=0&hl=zh-TW&rclk=1,341,25.0465352,121.5141149
Petit France 小法國餐館,法式,4.5,"$800-1,000",https://www.google.com/maps/place/Petit+France+%E5%B0%8F%E6%B3%95%E5%9C%8B%E9%A4%90%E9%A4%A8/data=!4m7!3m6!1s0x3442a970f5524f5f:0x2dee4ea469b1a83d!8m2!3d25.0438525!4d121.5241585!16s%2Fg%2F11c60r4cfm!19sChIJX09S9XCpQjQRPaixaaRO7i0?authuser=0&hl=zh-TW&rclk=1,745,25.0438525,121.5241585
黑熊法式甜點工作室｜Patisserie L'Ours Noir,法式,4.9,無資料,https://www.google.com/maps/place/%E9%BB%91%E7%86%8A%E6%B3%95%E5%BC%8F%E7%94%9C%E9%BB%9E%E5%B7%A5%E4%BD%9C%E5%AE%A4%EF%BD%9CPatisserie+L%27Ours+Noir/data=!4m7!3m6!1s0x3442a90005d589f5:0x69ed180f21fc5902!8m2!3d25.051631!4d121.512037!16s%2Fg%2F11w3gy563_!19sChIJ9YnVBQCpQjQRAln8IQ8Y7Wk?authuser=0&hl=zh-TW&rclk=1,772,25.051631,121.512037
Aposo 艾波索 法式甜點 中正忠孝店,法式,4.9,無資料,https://www.google.com/maps/place/Aposo+%E8%89%BE%E6%B3%A2%E7%B4%A2+%E6%B3%95%E5%BC%8F%E7%94%9C%E9%BB%9E+%E4%B8%AD%E6%AD%A3%E5%BF%A0%E5%AD%9D%E5%BA%97/data=!4m7!3m6!1s0x3442a9c59231d30f:0x8797e0b92fb939fd!8m2!3d25.0443968!4d121.5215361!16s%2Fg%2F11v_4v04p6!19sChIJD9MxksWpQjQR_Tm5L7ngl4c?authuser=0&hl=zh-TW&rclk=1,484,25.0443968,121.5215361
樂葵法式鐵板燒-承德店 | Le Goût Teppanyaki,法式,4.7,"$1,800-2,000",https://www.google.com/maps/place/%E6%A8%82%E8%91%B5%E6%B3%95%E5%BC%8F%E9%90%B5%E6%9D%BF%E7%87%92-%E6%89%BF%E5%BE%B7%E5%BA%97+%7C+Le+Go%C3%BBt+Teppanyaki/data=!4m7!3m6!1s0x3442a9cd1499f525:0x40cc4d6b1a96f55d!8m2!3d25.0495079!4d121.5163921!16s%2Fg%2F11z2d0knnl!19sChIJJfWZFM2pQjQRXfWWGmtNzEA?authuser=0&hl=zh-TW&rclk=1,325,25.0495079,121.5163921
傳遞幸福台北車站-法式玫瑰塔專賣店 (1F專櫃),法式,4.9,無資料,https://www.google.com/maps/place/%E5%82%B3%E9%81%9E%E5%B9%B8%E7%A6%8F%E5%8F%B0%E5%8C%97%E8%BB%8A%E7%AB%99-%E6%B3%95%E5%BC%8F%E7%8E%AB%E7%91%B0%E5%A1%94%E5%B0%88%E8%B3%A3%E5%BA%97+%281F%E5%B0%88%E6%AB%83%29/data=!4m7!3m6!1s0x3442a979dd7cc3c7:0x5ec32f111b962522!8m2!3d25.047702!4d121.5173735!16s%2Fg%2F11h_c7l_nj!19sChIJx8N83XmpQjQRIiWWGxEvw14?authuser=0&hl=zh-TW&rclk=1,106,25.047702,121.5173735
Goûter 雅培米堤法式烘焙 台北車站南店,法式,5.0,無資料,https://www.google.com/maps/place/Go%C3%BBter+%E9%9B%85%E5%9F%B9%E7%B1%B3%E5%A0%A4%E6%B3%95%E5%BC%8F%E7%83%98%E7%84%99+%E5%8F%B0%E5%8C%97%E8%BB%8A%E7%AB%99%E5%8D%97%E5%BA%97/data=!4m7!3m6!1s0x3442a94ea8bfac1d:0x2292e83594e3dea5!8m2!3d25.0475511!4d121.5164198!16s%2Fg%2F11lq8_z2_n!19sChIJHay_qE6pQjQRpd7jlDXokiI?authuser=0&hl=zh-TW&rclk=1,140,25.0475511,121.5164198
Goûter 雅培米堤法式烘焙 台北車站西三門市,法式,4.9,無資料,https://www.google.com/maps/place/Go%C3%BBter+%E9%9B%85%E5%9F%B9%E7%B1%B3%E5%A0%A4%E6%B3%95%E5%BC%8F%E7%83%98%E7%84%99+%E5%8F%B0%E5%8C%97%E8%BB%8A%E7%AB%99%E8%A5%BF%E4%B8%89%E9%96%80%E5%B8%82/data=!4m7!3m6!1s0x3442a9d35cc09ef5:0xc8456bcae895107d!8m2!3d25.0474477!4d121.5165068!16s%2Fg%2F11h3_b24ff!19sChIJ9Z7AXNOpQjQRfRCV6MprRcg?authuser=0&hl=zh-TW&rclk=1,126,25.0474477,121.5165068
法布甜 北車高鐵門市專櫃 (台北車站B1東三門手扶),法式,4.1,無資料,https://www.google.com/maps/place/%E6%B3%95%E5%B8%83%E7%94%9C+%E5%8C%97%E8%BB%8A%E9%AB%98%E9%90%B5%E9%96%80%E5%B8%82%E5%B0%88%E6%AB%83+%28%E5%8F%B0%E5%8C%97%E8%BB%8A%E7%AB%99B1%E6%9D%B1%E4%B8%89%E9%96%80%E6%89%8B%E6%89%B6%29/data=!4m7!3m6!1s0x3442a9175aafc40f:0x36809070eec2e069!8m2!3d25.0469135!4d121.51764!16s%2Fg%2F11mw9ln5k7!19sChIJD8SvWhepQjQRaeDC7nCQgDY?authuser=0&hl=zh-TW&rclk=1,23,25.0469135,121.51764
CAMPUS CAFE 站前店,美式,4.0,$200-400,https://www.google.com/maps/place/CAMPUS+CAFE+%E7%AB%99%E5%89%8D%E5%BA%97/data=!4m7!3m6!1s0x3442a97347d57067:0xb0a5bab46ff11d2!8m2!3d25.0444911!4d121.5148008!16s%2Fg%2F11c5b3r4vg!19sChIJZ3DVR3OpQjQR0hH_RqtbCgs?authuser=0&hl=zh-TW&rclk=1,370,25.0444911,121.5148008
Oldies Burger 歐帝斯美墨餐廳,美式,4.2,$400-600,https://www.google.com/maps/place/Oldies+Burger+%E6%AD%90%E5%B8%9D%E6%96%AF%E7%BE%8E%E5%A2%A8%E9%A4%90%E5%BB%B3/data=!4m7!3m6!1s0x3442a96dc6512079:0xdea6c01c94dcc906!8m2!3d25.0495827!4d121.5186607!16s%2Fg%2F1yfh_js03!19sChIJeSBRxm2pQjQRBsnclBzApt4?authuser=0&hl=zh-TW&rclk=1,335,25.0495827,121.5186607
Burger Yellow 鹿肉牛肉漢堡 炸魚薯條 奶昔 美食 美式餐廳,美式,4.3,$200-400,https://www.google.com/maps/place/Burger+Yellow+%E9%B9%BF%E8%82%89%E7%89%9B%E8%82%89%E6%BC%A2%E5%A0%A1+%E7%82%B8%E9%AD%9A%E8%96%AF%E6%A2%9D+%E5%A5%B6%E6%98%94+%E7%BE%8E%E9%A3%9F+%E7%BE%8E%E5%BC%8F%E9%A4%90%E5%BB%B3/data=!4m7!3m6!1s0x3442a9b2b7390991:0x9349c0b0b3e6d6a1!8m2!3d25.0441952!4d121.5157715!16s%2Fg%2F11rd29bl3k!19sChIJkQk5t7KpQjQRodbms7DASZM?authuser=0&hl=zh-TW&rclk=1,334,25.0441952,121.5157715
咕咕鬆餅屋 台北美式鬆餅專賣,美式,4.3,$1-200,https://www.google.com/maps/place/%E5%92%95%E5%92%95%E9%AC%86%E9%A4%85%E5%B1%8B+%E5%8F%B0%E5%8C%97%E7%BE%8E%E5%BC%8F%E9%AC%86%E9%A4%85%E5%B0%88%E8%B3%A3/data=!4m7!3m6!1s0x3442a9732b9d2b47:0xd6ef1a7b629c7fa9!8m2!3d25.0459201!4d121.514362!16s%2Fg%2F12j6gq0nr!19sChIJRyudK3OpQjQRqX-cYnsa79Y?authuser=0&hl=zh-TW&rclk=1,329,25.0459201,121.514362
成癮美式漢堡,美式,無資料,無資料,https://www.google.com/maps/place/%E6%88%90%E7%99%AE%E7%BE%8E%E5%BC%8F%E6%BC%A2%E5%A0%A1/data=!4m7!3m6!1s0x3442a912be6303ab:0x367f1a051177a49a!8m2!3d25.0500686!4d121.5133243!16s%2Fg%2F11vdk8w3gz!19sChIJqwNjvhKpQjQRmqR3EQUafzY?authuser=0&hl=zh-TW&rclk=1,559,25.0500686,121.5133243
泰獅 泰式料理,泰式,4.4,$400-600,https://www.google.com/maps/place/%E6%B3%B0%E7%8D%85+%E6%B3%B0%E5%BC%8F%E6%96%99%E7%90%86/data=!4m7!3m6!1s0x3442a90b67dd66df:0x8a970109b489df1c!8m2!3d25.04336!4d121.512548!16s%2Fg%2F11b7w1bmty!19sChIJ32bdZwupQjQRHN-JtAkBl4o?authuser=0&hl=zh-TW&rclk=1,625,25.04336,121.512548
頌丹樂 泰式伊善料理,泰式,4.5,$400-600,https://www.google.com/maps/place/%E9%A0%8C%E4%B8%B9%E6%A8%82+%E6%B3%B0%E5%BC%8F%E4%BC%8A%E5%96%84%E6%96%99%E7%90%86/data=!4m7!3m6!1s0x3442a9d1f32e760b:0x272a74426e20b522!8m2!3d25.0477467!4d121.5169983!16s%2Fg%2F11lgmmbj3b!19sChIJC3Yu89GpQjQRIrUgbkJ0Kic?authuser=0&hl=zh-TW&rclk=1,121,25.0477467,121.5169983
台北喜來登大飯店－SUKHOTHAI泰式餐廳,泰式,4.3,無資料,https://www.google.com/maps/place/%E5%8F%B0%E5%8C%97%E5%96%9C%E4%BE%86%E7%99%BB%E5%A4%A7%E9%A3%AF%E5%BA%97%EF%BC%8DSUKHOTHAI%E6%B3%B0%E5%BC%8F%E9%A4%90%E5%BB%B3/data=!4m7!3m6!1s0x3442a971b0535025:0x137e139d916237a8!8m2!3d25.0446833!4d121.5218944!16s%2Fg%2F1262d5tc9!19sChIJJVBTsHGpQjQRqDdikZ0TfhM?authuser=0&hl=zh-TW&rclk=1,500,25.0446833,121.5218944
椰兄泰式料理餐廳 中山店,泰式,4.2,$400-600,https://www.google.com/maps/place/%E6%A4%B0%E5%85%84%E6%B3%B0%E5%BC%8F%E6%96%99%E7%90%86%E9%A4%90%E5%BB%B3+%E4%B8%AD%E5%B1%B1%E5%BA%97/data=!4m7!3m6!1s0x3442a922eecc1d01:0x25b047766fe403ef!8m2!3d25.0520205!4d121.5196452!16s%2Fg%2F11c1g5yffg!19sChIJAR3M7iKpQjQR7wPkb3ZHsCU?authuser=0&hl=zh-TW&rclk=1,624,25.0520205,121.5196452
瓦城泰國料理 - 台北三越站前店,泰式,4.6,無資料,https://www.google.com/maps/place/%E7%93%A6%E5%9F%8E%E6%B3%B0%E5%9C%8B%E6%96%99%E7%90%86+-+%E5%8F%B0%E5%8C%97%E4%B8%89%E8%B6%8A%E7%AB%99%E5%89%8D%E5%BA%97/data=!4m7!3m6!1s0x3442a972dc1a9f79:0x7d68e2b15130e14c!8m2!3d25.046245!4d121.5152825!16s%2Fg%2F1ptxrl3m8!19sChIJeZ8a3HKpQjQRTOEwUbHiaH0?authuser=0&hl=zh-TW&rclk=1,230,25.046245,121.5152825
瓦城EXPRESS 台北微風車站店,泰式,4.5,$400-600,https://www.google.com/maps/place/%E7%93%A6%E5%9F%8EEXPRESS+%E5%8F%B0%E5%8C%97%E5%BE%AE%E9%A2%A8%E8%BB%8A%E7%AB%99%E5%BA%97/data=!4m7!3m6!1s0x3442a92a5829b899:0x30e81d8c8307b39d!8m2!3d25.047702!4d121.5173735!16s%2Fg%2F11g0ldg4yj!19sChIJmbgpWCqpQjQRnbMHg4wd6DA?authuser=0&hl=zh-TW&rclk=1,106,25.047702,121.5173735
藍象廷泰式火鍋 台北站前店,泰式,4.2,$400-600,https://www.google.com/maps/place/%E8%97%8D%E8%B1%A1%E5%BB%B7%E6%B3%B0%E5%BC%8F%E7%81%AB%E9%8D%8B+%E5%8F%B0%E5%8C%97%E7%AB%99%E5%89%8D%E5%BA%97/data=!4m7!3m6!1s0x3442a93546597e43:0x8bf8edbf6f6ec1b2!8m2!3d25.0459441!4d121.5153112!16s%2Fg%2F11rtvk8flf!19sChIJQ35ZRjWpQjQRssFub7_t-Is?authuser=0&hl=zh-TW&rclk=1,238,25.0459441,121.5153112
這味泰泰 Mrs. Thai Thai- 南西三館,泰式,4.1,$200-400,https://www.google.com/maps/place/%E9%80%99%E5%91%B3%E6%B3%B0%E6%B3%B0+Mrs.+Thai+Thai-+%E5%8D%97%E8%A5%BF%E4%B8%89%E9%A4%A8/data=!4m7!3m6!1s0x3442a92e13b06a2b:0xb68726e3b9bffae3!8m2!3d25.0527485!4d121.5206836!16s%2Fg%2F11h4g2xbff!19sChIJK2qwEy6pQjQR4_q_ueMmh7Y?authuser=0&hl=zh-TW&rclk=1,739,25.0527485,121.5206836
瓦城泰國料理 - 台北三越南西店,泰式,4.5,無資料,https://www.google.com/maps/place/%E7%93%A6%E5%9F%8E%E6%B3%B0%E5%9C%8B%E6%96%99%E7%90%86+-+%E5%8F%B0%E5%8C%97%E4%B8%89%E8%B6%8A%E5%8D%97%E8%A5%BF%E5%BA%97/data=!4m7!3m6!1s0x3442a9694b83e515:0xe2c35a98bec61750!8m2!3d25.0523295!4d121.5210381!16s%2Fg%2F1tdnhtx5!19sChIJFeWDS2mpQjQRUBfGvphaw-I?authuser=0&hl=zh-TW&rclk=1,715,25.0523295,121.5210381
Jolly 手工釀啤 酒泰食餐廳-衡陽店,泰式,4.2,無資料,https://www.google.com/maps/place/Jolly+%E6%89%8B%E5%B7%A5%E9%87%80%E5%95%A4+%E9%85%92%E6%B3%B0%E9%A3%9F%E9%A4%90%E5%BB%B3-%E8%A1%A1%E9%99%BD%E5%BA%97/data=!4m7!3m6!1s0x3442a90b0fb05531:0x9e87a87f21e14539!8m2!3d25.0421609!4d121.511897!16s%2Fg%2F1pzvl40fn!19sChIJMVWwDwupQjQROUXhIX-oh54?authuser=0&hl=zh-TW&rclk=1,761,25.0421609,121.511897
大心新泰式麵食 台北微風車站店（台北中正區必吃特色午晚餐 / 微風車站餐廳推薦／ 台北泰式越式料理）,泰式,4.2,$200-400,https://www.google.com/maps/place/%E5%A4%A7%E5%BF%83%E6%96%B0%E6%B3%B0%E5%BC%8F%E9%BA%B5%E9%A3%9F+%E5%8F%B0%E5%8C%97%E5%BE%AE%E9%A2%A8%E8%BB%8A%E7%AB%99%E5%BA%97%EF%BC%88%E5%8F%B0%E5%8C%97%E4%B8%AD%E6%AD%A3%E5%8D%80%E5%BF%85%E5%90%83%E7%89%B9%E8%89%B2%E5%8D%88%E6%99%9A%E9%A4%90+%2F+%E5%BE%AE%E9%A2%A8%E8%BB%8A%E7%AB%99%E9%A4%90%E5%BB%B3%E6%8E%A8%E8%96%A6%EF%BC%8F+%E5%8F%B0%E5%8C%97%E6%B3%B0%E5%BC%8F%E8%B6%8A%E5%BC%8F%E6%96%99%E7%90%86%EF%BC%89/data=!4m7!3m6!1s0x3442a9727e338547:0x6868203004c2a809!8m2!3d25.0478089!4d121.5170351!16s%2Fg%2F11b77fgw0b!19sChIJR4UzfnKpQjQRCajCBDAgaGg?authuser=0&hl=zh-TW&rclk=1,126,25.0478089,121.5170351
晶湯匙泰式主題餐廳(京站店),泰式,4.0,無資料,https://www.google.com/maps/place/%E6%99%B6%E6%B9%AF%E5%8C%99%E6%B3%B0%E5%BC%8F%E4%B8%BB%E9%A1%8C%E9%A4%90%E5%BB%B3%28%E4%BA%AC%E7%AB%99%E5%BA%97%29/data=!4m7!3m6!1s0x3442a96d74fc20d5:0x91735d2e527cb170!8m2!3d25.0494059!4d121.5177788!16s%2Fg%2F1v_z20w6!19sChIJ1SD8dG2pQjQRcLF8Ui5dc5E?authuser=0&hl=zh-TW&rclk=1,296,25.0494059,121.5177788
暖韓mini韓式拌飯專門店,韓式,5.0,$200-400,https://www.google.com/maps/place/%E6%9A%96%E9%9F%93mini%E9%9F%93%E5%BC%8F%E6%8B%8C%E9%A3%AF%E5%B0%88%E9%96%80%E5%BA%97/data=!4m7!3m6!1s0x3442a9b247a4c1f9:0x98e9c8ca9511f03a!8m2!3d25.0440824!4d121.5163812!16s%2Fg%2F11n9sk2w6m!19sChIJ-cGkR7KpQjQROvARlcrI6Zg?authuser=0&hl=zh-TW&rclk=1,318,25.0440824,121.5163812
Yumsem宴先韓式紫菜包飯.얌샘김밥- 台北車站店,韓式,4.7,$1-200,https://www.google.com/maps/place/Yumsem%E5%AE%B4%E5%85%88%E9%9F%93%E5%BC%8F%E7%B4%AB%E8%8F%9C%E5%8C%85%E9%A3%AF.%EC%96%8C%EC%83%98%EA%B9%80%EB%B0%A5-+%E5%8F%B0%E5%8C%97%E8%BB%8A%E7%AB%99%E5%BA%97/data=!4m7!3m6!1s0x3442a9b098a051b5:0xea774637cb59a4b5!8m2!3d25.0467753!4d121.5161543!16s%2Fg%2F11wxsr2ljp!19sChIJtVGgmLCpQjQRtaRZyzdGd-o?authuser=0&hl=zh-TW&rclk=1,135,25.0467753,121.5161543
Ma C So Yo 築夢韓食,韓式,4.6,$400-600,https://www.google.com/maps/place/Ma+C+So+Yo+%E7%AF%89%E5%A4%A2%E9%9F%93%E9%A3%9F/data=!4m7!3m6!1s0x3442a93ed34dda83:0x6efe9d81040f1a8b!8m2!3d25.0510755!4d121.5237984!16s%2Fg%2F11f66gthf9!19sChIJg9pN0z6pQjQRixoPBIGd_m4?authuser=0&hl=zh-TW&rclk=1,796,25.0510755,121.5237984
鐘路大多力韓雞湯,韓式,4.4,$400-600,https://www.google.com/maps/place/%E9%90%98%E8%B7%AF%E5%A4%A7%E5%A4%9A%E5%8A%9B%E9%9F%93%E9%9B%9E%E6%B9%AF/data=!4m7!3m6!1s0x3442a90056217fa5:0xd0a48aee0e51bf39!8m2!3d25.0532775!4d121.5184918!16s%2Fg%2F11w9j_nz2q!19sChIJpX8hVgCpQjQROb9RDu6KpNA?authuser=0&hl=zh-TW&rclk=1,732,25.0532775,121.5184918
新濟州韓式豆腐鍋,韓式,4.6,$200-400,https://www.google.com/maps/place/%E6%96%B0%E6%BF%9F%E5%B7%9E%E9%9F%93%E5%BC%8F%E8%B1%86%E8%85%90%E9%8D%8B/data=!4m7!3m6!1s0x3442a9cbccd6e307:0x6f97739bd50e77e5!8m2!3d25.0530712!4d121.5192453!16s%2Fg%2F11mvrlfvx0!19sChIJB-PWzMupQjQR5XcO1Ztzl28?authuser=0&hl=zh-TW&rclk=1,724,25.0530712,121.5192453
麥食達韓式料理,韓式,4.2,$200-400,https://www.google.com/maps/place/%E9%BA%A5%E9%A3%9F%E9%81%94%E9%9F%93%E5%BC%8F%E6%96%99%E7%90%86/data=!4m7!3m6!1s0x3442a90b5265463f:0x4154a0d6ba79442b!8m2!3d25.0429159!4d121.513943!16s%2Fg%2F1tg_jb6x!19sChIJP0ZlUgupQjQRK0R5utagVEE?authuser=0&hl=zh-TW&rclk=1,557,25.0429159,121.513943
GiLiGiLi,韓式,4.2,$400-600,https://www.google.com/maps/place/GiLiGiLi/data=!4m7!3m6!1s0x3442a96e4be840df:0xfbe280983ed71237!8m2!3d25.0484305!4d121.5224036!16s%2Fg%2F11c2pjflnt!19sChIJ30DoS26pQjQRNxLXPpiA4vs?authuser=0&hl=zh-TW&rclk=1,528,25.0484305,121.5224036
오빠네 歐爸小廚（五六）X 萊億庭（日ㄧ二三四）,韓式,4.1,$200-400,https://www.google.com/maps/place/%EC%98%A4%EB%B9%A0%EB%84%A4+%E6%AD%90%E7%88%B8%E5%B0%8F%E5%BB%9A%EF%BC%88%E4%BA%94%E5%85%AD%EF%BC%89X+%E8%90%8A%E5%84%84%E5%BA%AD%EF%BC%88%E6%97%A5%E3%84%A7%E4%BA%8C%E4%B8%89%E5%9B%9B%EF%BC%89/data=!4m7!3m6!1s0x3442ab47f6f43ba7:0x1274a4a356b4ddbb!8m2!3d25.050978!4d121.5214233!16s%2Fg%2F11g20j37t1!19sChIJpzv09kerQjQRu920VqOkdBI?authuser=0&hl=zh-TW&rclk=1,614,25.050978,121.5214233
Bonchon Chicken 本村韓食炸雞 北車店,韓式,4.5,$400-600,https://www.google.com/maps/place/Bonchon+Chicken+%E6%9C%AC%E6%9D%91%E9%9F%93%E9%A3%9F%E7%82%B8%E9%9B%9E+%E5%8C%97%E8%BB%8A%E5%BA%97/data=!4m7!3m6!1s0x3442a9004309a9c7:0xdfa2c73eeac7898d!8m2!3d25.0477467!4d121.5169983!16s%2Fg%2F11w3fwz94m!19sChIJx6kJQwCpQjQRjYnH6j7Hot8?authuser=0&hl=zh-TW&rclk=1,121,25.0477467,121.5169983